sample_id	AAACGGGGTGGCAAAC-1	AAACGGGTCGCTAGTA-1	AAAGATGTCGTAAGGG-1	AACCGCGTCAGATGTC-1	AAGGCAGGTAGTCAAA-1	AAGTCTGCACAAGGAC-1	ACACCGGAGACAGGCT-1	ACCAGTATCCATTTGT-1	ACCGTAATCAATAGGA-1	ACGAGGACAGCGCATC-1	ACGCCAGTCAAGAAAC-1	ACGGCCAAGATGCGAC-1	ACGTCAAGTGGAAGGG-1	ACTGATGGTAAGAGAG-1	ACTGTCCTCCTCTGCA-1	AGACGTTCAGAAGAAG-1	AGACGTTGTACTCGTA-1	AGAGTGGCAGGGAAGG-1	AGCTCTCAGGCCCTCA-1	ATTATCCGTCATGCCG-1	ATTATCCGTTGGCGTC-1	ATTATCCTCGGTCACG-1	CAACCTCAGCTCTCGG-1	CAACCTCGTGATACCT-1	CAACTAGCAATCCATG-1	CAAGATCTCCCTAAGA-1	CAAGATCTCTACGGGC-1	CACAAACAGTCCCACG-1	CACACCTGTTATGCGT-1	CACAGTAGTGGCCACT-1	CACAGTAGTTTGTCTT-1	CACCTTGGTGAACACG-1	CAGATCAGTGTCCCTT-1	CAGCATATCAGGACTT-1	CAGCCGACACCAAAGG-1	CAGCTAATCAGCATAC-1	CAGTAACTCAGATTCG-1	CATGACAAGCGACGTA-1	CCCTCCTGTAGAATAC-1	CCGGGATTCTCAGCGG-1	CCGGTAGTCATGTGAC-1	CCGTTCAAGAAACGCC-1	CCTAGCTCACAACTTG-1	CCTCAGTTCATCACTT-1	CCTCTGAGTAACTAAG-1	CGACCTTAGCGCGTCT-1	CGACCTTTCCGCACGA-1	CGACCTTTCTCCGGAG-1	CGAGCCACAGCTTGAT-1	CGATGGCCATATGTGC-1	CGCCAAGCAGGTTAAA-1	CGCGGTACATAGGTCT-1	CGCGTTTAGCACACAG-1	CGCTGGACAATCCTTT-1	CGGAGTCTCCACTAAG-1	CTACCCAAGTCATCCA-1	CTACCCAAGTTGTAGA-1	CTCGAAACATCAGGGA-1	CTCGTACAGCGTGAAC-1	CTTAACTGTGTGTTCA-1	CTTCTCTAGCCAACAG-1	CTTCTCTAGGCTAGAC-1	GAGGTGAGTACAAGGC-1	GAGGTGATCTCGAATG-1	GATCTAGAGAAACCCG-1	GATTCAGGTCAAACTC-1	GCATGATAGGTTCCTA-1	GCCAAATTCGCTATTT-1	GCGCAACAGGATCGCA-1	GCTGCAGTCCACTTCG-1	GCTGCGATCCGCTGAG-1	GCTGGGTCACGGAGTA-1	GCTTGAAGTATGCGGA-1	GGAAAGCTCTGGTGAT-1	GGAATAAGTATACACC-1	GGCTCGATCAAAGTGA-1	GGGAATGAGCTAAGAT-1	GGGAATGCAGTTCCGG-1	GGGCACTAGTGATCGG-1	GTATTCTTCGAAGCGA-1	GTCACGGAGTAGGTGC-1	GTCGGGTTCAATCTTC-1	GTCTCGTAGCAGTAGC-1	GTGCGGTAGAACTCGG-1	TAAGAGAAGGTGCAAC-1	TACACGAAGCAACGGT-1	TACTTGTAGCAAATCA-1	TACTTGTGTCAGGTAG-1	TAGAGCTAGTTAACGA-1	TATCAGGCAACATAGA-1	TATTACCTCACACGTA-1	TCAACGAGTGCACTTA-1	TCACGAAAGAATGTGT-1	TCAGATGTCTACAGTG-1	TCATTACAGCGTAATA-1	TCTCTAAAGTCGTGTT-1	TCTCTAAGTGGATAGC-1	TCTGGAACAGGTACGA-1	TGGGCGTCATATCGTG-1	TGGTTAGGTCATCTAG-1	TGGTTAGGTGCTTCCT-1	TTCTACAGTCTGCCAG-1	TTGACTTTCCCGAATA-1	TTGCCGTGTGTAATGA-1	TTGGCAATCTTTCGCG-1	diploid
AAACGGGGTGGCAAAC-1	0.0	88.0	119.0	77.0	76.0	112.0	79.0	84.0	85.0	93.0	86.0	67.0	82.0	81.0	77.0	85.0	75.0	83.0	85.0	79.0	74.0	90.0	115.0	178.0	90.0	73.0	105.0	76.0	125.0	89.0	82.0	138.0	88.0	126.0	104.0	89.0	103.0	71.0	77.0	110.0	95.0	124.0	85.0	87.0	85.0	80.0	99.0	114.0	88.0	79.0	95.0	115.0	93.0	98.0	89.0	85.0	75.0	85.0	77.0	83.0	147.0	88.0	95.0	71.0	106.0	83.0	78.0	77.0	77.0	92.0	89.0	86.0	80.0	103.0	92.0	109.0	105.0	82.0	94.0	92.0	92.0	102.0	136.0	108.0	85.0	85.0	90.0	93.0	83.0	76.0	78.0	79.0	110.0	80.0	91.0	75.0	108.0	79.0	198.0	100.0	73.0	109.0	85.0	77.0	151.0	87.0
AAACGGGTCGCTAGTA-1	88.0	0.0	117.0	59.0	71.0	105.0	63.0	78.0	63.0	82.0	90.0	68.0	89.0	68.0	62.0	75.0	58.0	79.0	69.0	69.0	56.0	74.0	96.0	168.0	75.0	60.0	108.0	57.0	135.0	88.0	73.0	131.0	79.0	120.0	94.0	75.0	87.0	68.0	69.0	104.0	79.0	118.0	75.0	73.0	66.0	67.0	92.0	103.0	69.0	67.0	83.0	101.0	86.0	99.0	68.0	80.0	74.0	71.0	70.0	68.0	121.0	79.0	100.0	70.0	84.0	86.0	74.0	54.0	62.0	90.0	86.0	71.0	69.0	100.0	83.0	97.0	91.0	86.0	93.0	91.0	85.0	93.0	121.0	87.0	85.0	63.0	76.0	81.0	70.0	60.0	57.0	67.0	103.0	62.0	80.0	55.0	95.0	76.0	180.0	93.0	65.0	97.0	59.0	67.0	135.0	60.0
AAAGATGTCGTAAGGG-1	119.0	117.0	0.0	112.0	107.0	130.0	114.0	121.0	110.0	122.0	124.0	103.0	122.0	114.0	114.0	116.0	108.0	114.0	117.0	104.0	106.0	116.0	144.0	187.0	125.0	107.0	138.0	104.0	151.0	125.0	114.0	168.0	121.0	162.0	132.0	121.0	127.0	105.0	108.0	144.0	123.0	151.0	116.0	120.0	113.0	109.0	127.0	143.0	118.0	109.0	124.0	144.0	128.0	126.0	114.0	112.0	112.0	107.0	113.0	114.0	176.0	118.0	127.0	111.0	132.0	117.0	118.0	105.0	111.0	121.0	121.0	116.0	113.0	144.0	110.0	136.0	130.0	125.0	131.0	129.0	128.0	135.0	153.0	130.0	132.0	116.0	119.0	127.0	111.0	105.0	105.0	114.0	141.0	102.0	122.0	107.0	125.0	114.0	227.0	133.0	104.0	134.0	110.0	115.0	180.0	115.0
AACCGCGTCAGATGTC-1	77.0	59.0	112.0	0.0	58.0	100.0	55.0	68.0	61.0	78.0	78.0	57.0	81.0	58.0	57.0	70.0	52.0	68.0	59.0	58.0	54.0	63.0	95.0	156.0	62.0	54.0	95.0	60.0	122.0	75.0	68.0	121.0	60.0	117.0	93.0	72.0	83.0	57.0	57.0	92.0	79.0	101.0	70.0	76.0	63.0	57.0	79.0	94.0	58.0	51.0	75.0	98.0	79.0	93.0	54.0	67.0	66.0	63.0	59.0	62.0	126.0	74.0	92.0	58.0	78.0	77.0	69.0	51.0	56.0	77.0	83.0	62.0	62.0	91.0	76.0	94.0	79.0	76.0	82.0	90.0	75.0	80.0	112.0	76.0	75.0	58.0	63.0	76.0	63.0	50.0	48.0	58.0	95.0	49.0	73.0	42.0	92.0	68.0	179.0	80.0	57.0	92.0	54.0	54.0	139.0	58.0
AAGGCAGGTAGTCAAA-1	76.0	71.0	107.0	58.0	0.0	102.0	66.0	71.0	62.0	75.0	82.0	62.0	76.0	65.0	54.0	76.0	50.0	71.0	71.0	62.0	52.0	70.0	103.0	162.0	77.0	58.0	105.0	58.0	123.0	84.0	63.0	126.0	77.0	126.0	91.0	67.0	82.0	57.0	63.0	96.0	82.0	104.0	73.0	81.0	60.0	68.0	86.0	93.0	68.0	61.0	77.0	95.0	79.0	91.0	60.0	80.0	60.0	68.0	64.0	75.0	125.0	78.0	94.0	55.0	87.0	81.0	73.0	50.0	51.0	80.0	76.0	74.0	70.0	89.0	84.0	90.0	88.0	76.0	93.0	90.0	81.0	92.0	122.0	92.0	84.0	70.0	78.0	87.0	64.0	48.0	56.0	57.0	103.0	58.0	76.0	49.0	92.0	70.0	180.0	83.0	68.0	96.0	65.0	59.0	138.0	61.0
AAGTCTGCACAAGGAC-1	112.0	105.0	130.0	100.0	102.0	0.0	102.0	113.0	103.0	119.0	118.0	101.0	112.0	105.0	106.0	109.0	94.0	112.0	110.0	106.0	97.0	109.0	131.0	194.0	120.0	98.0	130.0	102.0	148.0	116.0	101.0	103.0	116.0	138.0	117.0	119.0	120.0	105.0	105.0	130.0	118.0	86.0	90.0	107.0	104.0	99.0	108.0	80.0	113.0	103.0	112.0	126.0	120.0	124.0	104.0	109.0	106.0	99.0	108.0	105.0	159.0	115.0	121.0	103.0	125.0	109.0	115.0	92.0	102.0	119.0	123.0	107.0	105.0	132.0	117.0	68.0	125.0	118.0	120.0	122.0	121.0	121.0	149.0	125.0	120.0	107.0	108.0	111.0	107.0	95.0	99.0	104.0	135.0	93.0	53.0	93.0	130.0	108.0	164.0	128.0	98.0	122.0	101.0	101.0	159.0	66.0
ACACCGGAGACAGGCT-1	79.0	63.0	114.0	55.0	66.0	102.0	0.0	78.0	65.0	78.0	86.0	60.0	83.0	64.0	67.0	73.0	61.0	70.0	64.0	74.0	56.0	76.0	99.0	170.0	75.0	60.0	102.0	61.0	129.0	80.0	70.0	126.0	70.0	128.0	92.0	78.0	90.0	67.0	67.0	101.0	77.0	113.0	76.0	74.0	69.0	69.0	85.0	96.0	76.0	62.0	80.0	105.0	82.0	94.0	67.0	72.0	70.0	67.0	69.0	66.0	133.0	81.0	100.0	60.0	90.0	81.0	72.0	49.0	63.0	84.0	81.0	73.0	66.0	95.0	81.0	98.0	90.0	80.0	89.0	91.0	83.0	95.0	126.0	93.0	85.0	65.0	77.0	81.0	75.0	60.0	57.0	70.0	101.0	59.0	78.0	56.0	89.0	71.0	183.0	86.0	61.0	101.0	65.0	67.0	137.0	66.0
ACCAGTATCCATTTGT-1	84.0	78.0	121.0	68.0	71.0	113.0	78.0	0.0	76.0	92.0	89.0	70.0	79.0	72.0	68.0	82.0	61.0	78.0	83.0	68.0	63.0	77.0	109.0	168.0	79.0	70.0	103.0	68.0	129.0	87.0	81.0	133.0	86.0	129.0	101.0	83.0	95.0	70.0	70.0	95.0	92.0	120.0	77.0	81.0	75.0	78.0	88.0	111.0	82.0	73.0	79.0	104.0	87.0	94.0	72.0	83.0	75.0	74.0	78.0	75.0	130.0	89.0	101.0	74.0	96.0	86.0	76.0	67.0	67.0	92.0	90.0	78.0	73.0	103.0	86.0	101.0	89.0	87.0	94.0	95.0	87.0	95.0	130.0	90.0	86.0	84.0	85.0	88.0	72.0	68.0	68.0	69.0	107.0	71.0	85.0	62.0	99.0	77.0	191.0	92.0	68.0	108.0	73.0	65.0	147.0	79.0
ACCGTAATCAATAGGA-1	85.0	63.0	110.0	61.0	62.0	103.0	65.0	76.0	0.0	72.0	81.0	60.0	80.0	59.0	63.0	65.0	55.0	69.0	73.0	66.0	56.0	58.0	100.0	160.0	77.0	59.0	102.0	56.0	125.0	77.0	67.0	126.0	78.0	121.0	89.0	75.0	76.0	60.0	62.0	96.0	77.0	112.0	72.0	75.0	66.0	62.0	85.0	96.0	62.0	65.0	73.0	97.0	85.0	92.0	68.0	72.0	65.0	66.0	69.0	67.0	121.0	79.0	94.0	67.0	87.0	75.0	75.0	49.0	54.0	79.0	86.0	74.0	68.0	93.0	82.0	91.0	89.0	79.0	90.0	91.0	78.0	88.0	129.0	90.0	80.0	62.0	74.0	81.0	62.0	58.0	56.0	64.0	97.0	56.0	76.0	49.0	93.0	65.0	180.0	87.0	61.0	95.0	51.0	63.0	139.0	62.0
ACGAGGACAGCGCATC-1	93.0	82.0	122.0	78.0	75.0	119.0	78.0	92.0	72.0	0.0	89.0	79.0	92.0	79.0	78.0	89.0	74.0	84.0	88.0	83.0	69.0	85.0	113.0	175.0	94.0	80.0	115.0	76.0	140.0	91.0	81.0	141.0	91.0	137.0	108.0	91.0	99.0	82.0	77.0	115.0	93.0	127.0	89.0	93.0	81.0	84.0	101.0	115.0	82.0	83.0	95.0	119.0	99.0	105.0	82.0	91.0	79.0	83.0	82.0	87.0	142.0	92.0	109.0	78.0	102.0	99.0	87.0	74.0	72.0	100.0	96.0	93.0	93.0	110.0	99.0	112.0	103.0	94.0	104.0	104.0	93.0	105.0	141.0	109.0	99.0	83.0	93.0	103.0	82.0	72.0	71.0	85.0	114.0	74.0	94.0	72.0	104.0	85.0	198.0	104.0	85.0	113.0	77.0	82.0	156.0	83.0
ACGCCAGTCAAGAAAC-1	86.0	90.0	124.0	78.0	82.0	118.0	86.0	89.0	81.0	89.0	0.0	69.0	98.0	88.0	83.0	89.0	79.0	83.0	92.0	87.0	74.0	88.0	114.0	173.0	101.0	83.0	111.0	80.0	139.0	91.0	83.0	139.0	94.0	132.0	107.0	90.0	105.0	81.0	82.0	114.0	89.0	129.0	90.0	93.0	84.0	83.0	104.0	110.0	86.0	79.0	101.0	121.0	102.0	108.0	90.0	93.0	80.0	88.0	77.0	86.0	143.0	98.0	104.0	83.0	110.0	99.0	94.0	78.0	74.0	99.0	97.0	90.0	83.0	116.0	101.0	108.0	102.0	91.0	101.0	102.0	96.0	102.0	150.0	113.0	100.0	92.0	95.0	102.0	81.0	80.0	76.0	90.0	117.0	79.0	91.0	79.0	112.0	88.0	202.0	104.0	80.0	113.0	83.0	85.0	162.0	89.0
ACGGCCAAGATGCGAC-1	67.0	68.0	103.0	57.0	62.0	101.0	60.0	70.0	60.0	79.0	69.0	0.0	78.0	68.0	62.0	71.0	56.0	65.0	71.0	63.0	54.0	71.0	95.0	151.0	77.0	60.0	96.0	59.0	120.0	76.0	66.0	123.0	78.0	118.0	89.0	68.0	82.0	58.0	60.0	96.0	78.0	110.0	73.0	77.0	57.0	64.0	87.0	97.0	68.0	53.0	74.0	100.0	76.0	86.0	63.0	70.0	66.0	69.0	57.0	65.0	121.0	73.0	85.0	59.0	91.0	79.0	78.0	50.0	59.0	77.0	80.0	68.0	64.0	89.0	74.0	95.0	89.0	76.0	85.0	87.0	81.0	87.0	130.0	92.0	78.0	70.0	76.0	81.0	62.0	59.0	56.0	64.0	100.0	56.0	73.0	52.0	97.0	66.0	184.0	86.0	54.0	95.0	58.0	59.0	140.0	66.0
ACGTCAAGTGGAAGGG-1	82.0	89.0	122.0	81.0	76.0	112.0	83.0	79.0	80.0	92.0	98.0	78.0	0.0	78.0	79.0	85.0	69.0	80.0	88.0	80.0	70.0	85.0	118.0	180.0	89.0	71.0	114.0	76.0	126.0	90.0	81.0	145.0	91.0	141.0	105.0	90.0	107.0	75.0	79.0	108.0	95.0	128.0	89.0	91.0	83.0	85.0	101.0	118.0	89.0	76.0	96.0	115.0	95.0	102.0	87.0	88.0	78.0	84.0	79.0	84.0	141.0	88.0	97.0	73.0	103.0	94.0	84.0	67.0	75.0	93.0	99.0	94.0	88.0	105.0	98.0	111.0	104.0	93.0	107.0	103.0	97.0	103.0	138.0	111.0	92.0	92.0	91.0	97.0	84.0	73.0	80.0	79.0	108.0	75.0	92.0	73.0	106.0	84.0	197.0	102.0	81.0	112.0	80.0	80.0	159.0	87.0
ACTGATGGTAAGAGAG-1	81.0	68.0	114.0	58.0	65.0	105.0	64.0	72.0	59.0	79.0	88.0	68.0	78.0	0.0	66.0	65.0	58.0	71.0	69.0	66.0	55.0	65.0	104.0	163.0	72.0	60.0	97.0	59.0	125.0	79.0	69.0	128.0	79.0	130.0	94.0	76.0	89.0	62.0	61.0	100.0	84.0	110.0	74.0	75.0	73.0	64.0	89.0	100.0	70.0	65.0	79.0	103.0	84.0	87.0	72.0	69.0	73.0	60.0	68.0	65.0	126.0	77.0	95.0	64.0	87.0	72.0	76.0	55.0	60.0	85.0	88.0	71.0	62.0	97.0	86.0	94.0	91.0	80.0	94.0	93.0	83.0	88.0	125.0	85.0	78.0	65.0	78.0	79.0	64.0	59.0	63.0	67.0	90.0	59.0	78.0	54.0	90.0	66.0	181.0	92.0	64.0	94.0	58.0	60.0	141.0	68.0
ACTGTCCTCCTCTGCA-1	77.0	62.0	114.0	57.0	54.0	106.0	67.0	68.0	63.0	78.0	83.0	62.0	79.0	66.0	0.0	73.0	50.0	72.0	69.0	59.0	57.0	72.0	104.0	170.0	76.0	65.0	104.0	58.0	131.0	81.0	67.0	129.0	80.0	127.0	89.0	66.0	87.0	57.0	68.0	96.0	81.0	111.0	71.0	81.0	56.0	70.0	87.0	103.0	68.0	66.0	72.0	94.0	80.0	94.0	60.0	75.0	58.0	76.0	70.0	73.0	125.0	79.0	97.0	64.0	87.0	85.0	70.0	51.0	56.0	79.0	81.0	71.0	71.0	86.0	82.0	89.0	86.0	80.0	89.0	93.0	80.0	92.0	128.0	89.0	86.0	69.0	73.0	81.0	61.0	50.0	55.0	57.0	104.0	58.0	73.0	47.0	95.0	70.0	179.0	86.0	68.0	98.0	61.0	60.0	135.0	58.0
AGACGTTCAGAAGAAG-1	85.0	75.0	116.0	70.0	76.0	109.0	73.0	82.0	65.0	89.0	89.0	71.0	85.0	65.0	73.0	0.0	62.0	77.0	75.0	76.0	62.0	70.0	110.0	163.0	85.0	69.0	105.0	69.0	134.0	89.0	76.0	137.0	88.0	130.0	103.0	82.0	93.0	70.0	71.0	105.0	89.0	119.0	79.0	81.0	78.0	70.0	95.0	107.0	77.0	67.0	85.0	107.0	91.0	94.0	79.0	78.0	73.0	71.0	77.0	73.0	134.0	89.0	94.0	76.0	95.0	83.0	84.0	62.0	68.0	90.0	94.0	78.0	72.0	107.0	90.0	102.0	97.0	92.0	99.0	97.0	85.0	93.0	132.0	95.0	90.0	79.0	79.0	87.0	73.0	65.0	66.0	76.0	108.0	67.0	86.0	63.0	98.0	77.0	190.0	94.0	72.0	104.0	60.0	65.0	149.0	75.0
AGACGTTGTACTCGTA-1	75.0	58.0	108.0	52.0	50.0	94.0	61.0	61.0	55.0	74.0	79.0	56.0	69.0	58.0	50.0	62.0	0.0	66.0	64.0	53.0	47.0	60.0	98.0	162.0	69.0	46.0	98.0	54.0	123.0	77.0	66.0	119.0	68.0	117.0	93.0	65.0	84.0	53.0	56.0	86.0	74.0	104.0	66.0	76.0	51.0	64.0	79.0	89.0	61.0	48.0	67.0	94.0	75.0	86.0	57.0	68.0	65.0	61.0	62.0	64.0	115.0	74.0	88.0	55.0	78.0	81.0	67.0	43.0	41.0	78.0	74.0	68.0	64.0	85.0	76.0	91.0	86.0	80.0	89.0	85.0	72.0	87.0	116.0	82.0	72.0	68.0	70.0	75.0	61.0	44.0	49.0	45.0	101.0	48.0	72.0	37.0	93.0	70.0	172.0	82.0	62.0	94.0	48.0	53.0	130.0	52.0
AGAGTGGCAGGGAAGG-1	83.0	79.0	114.0	68.0	71.0	112.0	70.0	78.0	69.0	84.0	83.0	65.0	80.0	71.0	72.0	77.0	66.0	0.0	79.0	74.0	59.0	74.0	101.0	164.0	82.0	67.0	90.0	61.0	124.0	83.0	79.0	137.0	77.0	123.0	100.0	76.0	96.0	66.0	68.0	103.0	79.0	120.0	83.0	78.0	80.0	75.0	94.0	108.0	76.0	64.0	90.0	109.0	90.0	92.0	76.0	81.0	74.0	71.0	69.0	68.0	133.0	83.0	93.0	71.0	98.0	85.0	77.0	65.0	65.0	91.0	86.0	80.0	68.0	98.0	80.0	102.0	90.0	81.0	90.0	95.0	89.0	86.0	130.0	98.0	85.0	76.0	83.0	85.0	69.0	72.0	66.0	75.0	96.0	60.0	85.0	66.0	91.0	80.0	192.0	95.0	62.0	98.0	70.0	72.0	146.0	83.0
AGCTCTCAGGCCCTCA-1	85.0	69.0	117.0	59.0	71.0	110.0	64.0	83.0	73.0	88.0	92.0	71.0	88.0	69.0	69.0	75.0	64.0	79.0	0.0	71.0	67.0	78.0	101.0	170.0	80.0	60.0	108.0	67.0	134.0	85.0	76.0	136.0	80.0	128.0	99.0	87.0	88.0	66.0	73.0	110.0	92.0	119.0	77.0	79.0	74.0	71.0	93.0	110.0	76.0	68.0	83.0	107.0	95.0	104.0	70.0	84.0	74.0	73.0	78.0	73.0	132.0	86.0	97.0	71.0	90.0	86.0	78.0	66.0	71.0	90.0	90.0	75.0	73.0	108.0	90.0	104.0	92.0	90.0	97.0	95.0	90.0	95.0	121.0	85.0	91.0	72.0	84.0	78.0	75.0	66.0	60.0	75.0	109.0	69.0	84.0	59.0	96.0	79.0	186.0	96.0	70.0	104.0	70.0	69.0	144.0	68.0
ATTATCCGTCATGCCG-1	79.0	69.0	104.0	58.0	62.0	106.0	74.0	68.0	66.0	83.0	87.0	63.0	80.0	66.0	59.0	76.0	53.0	74.0	71.0	0.0	57.0	72.0	109.0	170.0	72.0	61.0	99.0	68.0	126.0	81.0	74.0	125.0	71.0	123.0	95.0	77.0	89.0	64.0	69.0	88.0	86.0	110.0	74.0	79.0	68.0	70.0	87.0	103.0	73.0	67.0	77.0	97.0	85.0	96.0	71.0	71.0	73.0	72.0	70.0	72.0	127.0	77.0	91.0	63.0	85.0	81.0	74.0	59.0	58.0	78.0	86.0	72.0	71.0	96.0	76.0	96.0	90.0	78.0	91.0	94.0	85.0	94.0	124.0	88.0	84.0	76.0	75.0	79.0	65.0	52.0	66.0	65.0	104.0	68.0	81.0	53.0	96.0	69.0	186.0	91.0	67.0	100.0	61.0	63.0	141.0	68.0
ATTATCCGTTGGCGTC-1	74.0	56.0	106.0	54.0	52.0	97.0	56.0	63.0	56.0	69.0	74.0	54.0	70.0	55.0	57.0	62.0	47.0	59.0	67.0	57.0	0.0	63.0	99.0	148.0	64.0	53.0	88.0	53.0	122.0	76.0	57.0	124.0	69.0	123.0	83.0	64.0	77.0	60.0	57.0	87.0	69.0	107.0	70.0	65.0	60.0	61.0	81.0	95.0	65.0	59.0	74.0	93.0	68.0	84.0	60.0	68.0	57.0	56.0	53.0	60.0	111.0	72.0	81.0	57.0	81.0	73.0	68.0	45.0	46.0	76.0	69.0	64.0	58.0	82.0	75.0	92.0	81.0	75.0	79.0	85.0	77.0	84.0	122.0	84.0	74.0	60.0	66.0	72.0	59.0	52.0	54.0	62.0	93.0	51.0	76.0	47.0	87.0	64.0	182.0	79.0	54.0	91.0	56.0	57.0	132.0	65.0
ATTATCCTCGGTCACG-1	90.0	74.0	116.0	63.0	70.0	109.0	76.0	77.0	58.0	85.0	88.0	71.0	85.0	65.0	72.0	70.0	60.0	74.0	78.0	72.0	63.0	0.0	103.0	157.0	80.0	64.0	100.0	60.0	125.0	79.0	73.0	133.0	78.0	125.0	99.0	81.0	84.0	66.0	63.0	102.0	84.0	115.0	77.0	81.0	80.0	61.0	93.0	104.0	71.0	64.0	84.0	104.0	86.0	97.0	76.0	77.0	73.0	62.0	72.0	70.0	124.0	84.0	93.0	72.0	94.0	77.0	80.0	62.0	64.0	86.0	91.0	76.0	69.0	99.0	85.0	97.0	91.0	85.0	93.0	95.0	83.0	85.0	130.0	92.0	78.0	77.0	75.0	80.0	66.0	63.0	61.0	69.0	97.0	63.0	84.0	58.0	103.0	74.0	189.0	91.0	66.0	95.0	51.0	63.0	145.0	74.0
CAACCTCAGCTCTCGG-1	115.0	96.0	144.0	95.0	103.0	131.0	99.0	109.0	100.0	113.0	114.0	95.0	118.0	104.0	104.0	110.0	98.0	101.0	101.0	109.0	99.0	103.0	0.0	194.0	116.0	92.0	130.0	94.0	149.0	114.0	109.0	160.0	104.0	149.0	121.0	112.0	118.0	98.0	101.0	139.0	112.0	145.0	108.0	111.0	105.0	99.0	118.0	136.0	106.0	95.0	110.0	129.0	121.0	130.0	105.0	107.0	104.0	100.0	99.0	100.0	155.0	104.0	126.0	102.0	109.0	114.0	113.0	93.0	99.0	121.0	121.0	103.0	96.0	133.0	111.0	129.0	120.0	109.0	120.0	130.0	121.0	127.0	157.0	127.0	118.0	105.0	112.0	112.0	100.0	101.0	91.0	108.0	132.0	96.0	112.0	93.0	127.0	106.0	215.0	123.0	97.0	127.0	97.0	99.0	172.0	104.0
CAACCTCGTGATACCT-1	178.0	168.0	187.0	156.0	162.0	194.0	170.0	168.0	160.0	175.0	173.0	151.0	180.0	163.0	170.0	163.0	162.0	164.0	170.0	170.0	148.0	157.0	194.0	0.0	179.0	161.0	189.0	156.0	215.0	176.0	164.0	224.0	174.0	204.0	186.0	170.0	180.0	163.0	160.0	191.0	179.0	201.0	173.0	173.0	171.0	156.0	179.0	200.0	166.0	157.0	182.0	194.0	176.0	181.0	166.0	167.0	162.0	158.0	162.0	160.0	210.0	177.0	181.0	170.0	189.0	170.0	177.0	156.0	161.0	184.0	173.0	167.0	159.0	196.0	173.0	192.0	184.0	179.0	180.0	184.0	185.0	175.0	203.0	180.0	178.0	163.0	165.0	171.0	161.0	162.0	156.0	170.0	195.0	149.0	185.0	160.0	185.0	171.0	282.0	182.0	158.0	187.0	155.0	162.0	236.0	171.0
CAACTAGCAATCCATG-1	90.0	75.0	125.0	62.0	77.0	120.0	75.0	79.0	77.0	94.0	101.0	77.0	89.0	72.0	76.0	85.0	69.0	82.0	80.0	72.0	64.0	80.0	116.0	179.0	0.0	68.0	106.0	75.0	138.0	92.0	88.0	142.0	83.0	140.0	111.0	87.0	103.0	77.0	74.0	107.0	93.0	122.0	88.0	90.0	81.0	78.0	100.0	115.0	88.0	76.0	88.0	111.0	93.0	108.0	70.0	81.0	81.0	78.0	80.0	84.0	141.0	94.0	106.0	75.0	99.0	94.0	82.0	67.0	72.0	87.0	100.0	82.0	77.0	99.0	91.0	112.0	101.0	91.0	106.0	106.0	93.0	102.0	125.0	88.0	89.0	71.0	88.0	97.0	80.0	68.0	75.0	77.0	110.0	70.0	93.0	62.0	111.0	81.0	198.0	100.0	73.0	104.0	76.0	69.0	148.0	79.0
CAAGATCTCCCTAAGA-1	73.0	60.0	107.0	54.0	58.0	98.0	60.0	70.0	59.0	80.0	83.0	60.0	71.0	60.0	65.0	69.0	46.0	67.0	60.0	61.0	53.0	64.0	92.0	161.0	68.0	0.0	94.0	50.0	118.0	72.0	69.0	122.0	68.0	120.0	88.0	75.0	84.0	60.0	58.0	96.0	74.0	107.0	76.0	72.0	63.0	59.0	88.0	96.0	65.0	52.0	73.0	100.0	77.0	88.0	64.0	72.0	68.0	57.0	62.0	59.0	120.0	73.0	87.0	58.0	83.0	71.0	64.0	45.0	56.0	71.0	78.0	64.0	61.0	89.0	79.0	94.0	88.0	79.0	84.0	86.0	81.0	90.0	114.0	80.0	69.0	67.0	69.0	74.0	65.0	52.0	51.0	58.0	93.0	52.0	75.0	46.0	91.0	69.0	179.0	81.0	54.0	93.0	59.0	57.0	135.0	60.0
CAAGATCTCTACGGGC-1	105.0	108.0	138.0	95.0	105.0	130.0	102.0	103.0	102.0	115.0	111.0	96.0	114.0	97.0	104.0	105.0	98.0	90.0	108.0	99.0	88.0	100.0	130.0	189.0	106.0	94.0	0.0	101.0	145.0	107.0	103.0	160.0	103.0	138.0	122.0	110.0	121.0	94.0	97.0	126.0	107.0	145.0	102.0	104.0	107.0	98.0	113.0	139.0	109.0	96.0	117.0	131.0	113.0	122.0	111.0	105.0	102.0	93.0	99.0	97.0	162.0	107.0	115.0	101.0	120.0	106.0	106.0	96.0	101.0	111.0	113.0	100.0	96.0	130.0	102.0	126.0	113.0	113.0	111.0	117.0	114.0	113.0	151.0	122.0	111.0	107.0	106.0	112.0	98.0	98.0	99.0	106.0	118.0	97.0	109.0	95.0	122.0	106.0	216.0	120.0	91.0	120.0	98.0	101.0	171.0	109.0
CACAAACAGTCCCACG-1	76.0	57.0	104.0	60.0	58.0	102.0	61.0	68.0	56.0	76.0	80.0	59.0	76.0	59.0	58.0	69.0	54.0	61.0	67.0	68.0	53.0	60.0	94.0	156.0	75.0	50.0	101.0	0.0	125.0	77.0	67.0	128.0	73.0	123.0	95.0	67.0	87.0	57.0	55.0	99.0	72.0	106.0	81.0	74.0	67.0	62.0	92.0	95.0	60.0	58.0	80.0	102.0	80.0	88.0	64.0	72.0	64.0	59.0	60.0	59.0	122.0	77.0	94.0	61.0	86.0	72.0	67.0	52.0	56.0	83.0	79.0	70.0	58.0	91.0	76.0	95.0	86.0	75.0	87.0	88.0	80.0	88.0	121.0	85.0	76.0	57.0	73.0	79.0	59.0	60.0	48.0	60.0	90.0	48.0	81.0	56.0	87.0	69.0	183.0	87.0	54.0	94.0	59.0	57.0	137.0	65.0
CACACCTGTTATGCGT-1	125.0	135.0	151.0	122.0	123.0	148.0	129.0	129.0	125.0	140.0	139.0	120.0	126.0	125.0	131.0	134.0	123.0	124.0	134.0	126.0	122.0	125.0	149.0	215.0	138.0	118.0	145.0	125.0	0.0	131.0	130.0	184.0	133.0	158.0	150.0	133.0	149.0	118.0	120.0	147.0	137.0	157.0	129.0	138.0	135.0	124.0	135.0	158.0	136.0	124.0	144.0	165.0	141.0	146.0	138.0	125.0	129.0	123.0	120.0	126.0	190.0	124.0	135.0	123.0	146.0	131.0	135.0	121.0	128.0	137.0	131.0	132.0	127.0	156.0	133.0	146.0	137.0	133.0	139.0	138.0	133.0	143.0	165.0	146.0	136.0	132.0	124.0	135.0	126.0	128.0	128.0	128.0	144.0	122.0	139.0	120.0	142.0	127.0	240.0	144.0	121.0	142.0	124.0	124.0	195.0	130.0
CACAGTAGTGGCCACT-1	89.0	88.0	125.0	75.0	84.0	116.0	80.0	87.0	77.0	91.0	91.0	76.0	90.0	79.0	81.0	89.0	77.0	83.0	85.0	81.0	76.0	79.0	114.0	176.0	92.0	72.0	107.0	77.0	131.0	0.0	88.0	138.0	86.0	126.0	113.0	99.0	104.0	79.0	76.0	111.0	100.0	121.0	89.0	90.0	90.0	77.0	102.0	115.0	84.0	80.0	96.0	115.0	103.0	104.0	92.0	86.0	86.0	83.0	81.0	81.0	145.0	92.0	105.0	83.0	104.0	89.0	83.0	77.0	80.0	95.0	99.0	86.0	86.0	115.0	91.0	108.0	97.0	89.0	98.0	105.0	94.0	100.0	138.0	109.0	91.0	93.0	87.0	98.0	90.0	82.0	79.0	87.0	111.0	77.0	89.0	76.0	108.0	82.0	197.0	107.0	83.0	112.0	77.0	83.0	161.0	86.0
CACAGTAGTTTGTCTT-1	82.0	73.0	114.0	68.0	63.0	101.0	70.0	81.0	67.0	81.0	83.0	66.0	81.0	69.0	67.0	76.0	66.0	79.0	76.0	74.0	57.0	73.0	109.0	164.0	88.0	69.0	103.0	67.0	130.0	88.0	0.0	133.0	82.0	133.0	93.0	77.0	90.0	67.0	72.0	104.0	84.0	113.0	78.0	82.0	72.0	71.0	92.0	102.0	80.0	72.0	84.0	106.0	85.0	97.0	75.0	77.0	67.0	71.0	70.0	78.0	128.0	81.0	94.0	64.0	96.0	85.0	87.0	60.0	67.0	85.0	88.0	76.0	74.0	103.0	89.0	96.0	93.0	85.0	95.0	95.0	89.0	89.0	130.0	102.0	90.0	79.0	83.0	88.0	66.0	64.0	68.0	73.0	107.0	65.0	83.0	65.0	98.0	80.0	192.0	91.0	73.0	102.0	68.0	74.0	147.0	77.0
CACCTTGGTGAACACG-1	138.0	131.0	168.0	121.0	126.0	103.0	126.0	133.0	126.0	141.0	139.0	123.0	145.0	128.0	129.0	137.0	119.0	137.0	136.0	125.0	124.0	133.0	160.0	224.0	142.0	122.0	160.0	128.0	184.0	138.0	133.0	0.0	140.0	168.0	146.0	141.0	148.0	127.0	130.0	156.0	144.0	109.0	127.0	138.0	127.0	126.0	146.0	92.0	135.0	127.0	130.0	148.0	144.0	152.0	131.0	138.0	133.0	135.0	134.0	132.0	179.0	141.0	148.0	127.0	147.0	141.0	140.0	119.0	119.0	143.0	149.0	127.0	134.0	161.0	149.0	94.0	146.0	141.0	146.0	153.0	146.0	153.0	185.0	150.0	139.0	137.0	137.0	144.0	134.0	118.0	123.0	128.0	165.0	123.0	82.0	115.0	156.0	129.0	193.0	146.0	128.0	157.0	125.0	123.0	193.0	95.0
CAGATCAGTGTCCCTT-1	88.0	79.0	121.0	60.0	77.0	116.0	70.0	86.0	78.0	91.0	94.0	78.0	91.0	79.0	80.0	88.0	68.0	77.0	80.0	71.0	69.0	78.0	104.0	174.0	83.0	68.0	103.0	73.0	133.0	86.0	82.0	140.0	0.0	132.0	111.0	92.0	98.0	74.0	73.0	105.0	90.0	119.0	89.0	86.0	86.0	80.0	95.0	110.0	81.0	70.0	90.0	114.0	97.0	111.0	84.0	79.0	84.0	70.0	74.0	70.0	142.0	92.0	103.0	73.0	97.0	89.0	74.0	73.0	70.0	87.0	90.0	83.0	69.0	108.0	78.0	110.0	98.0	86.0	94.0	103.0	95.0	94.0	127.0	99.0	88.0	85.0	82.0	88.0	80.0	67.0	68.0	82.0	106.0	69.0	91.0	69.0	102.0	86.0	198.0	99.0	72.0	110.0	73.0	78.0	154.0	86.0
CAGCATATCAGGACTT-1	126.0	120.0	162.0	117.0	126.0	138.0	128.0	129.0	121.0	137.0	132.0	118.0	141.0	130.0	127.0	130.0	117.0	123.0	128.0	123.0	123.0	125.0	149.0	204.0	140.0	120.0	138.0	123.0	158.0	126.0	133.0	168.0	132.0	0.0	140.0	140.0	137.0	121.0	126.0	148.0	141.0	157.0	112.0	130.0	129.0	118.0	130.0	151.0	132.0	123.0	140.0	153.0	143.0	149.0	127.0	125.0	128.0	126.0	127.0	121.0	164.0	136.0	134.0	122.0	143.0	127.0	132.0	116.0	121.0	138.0	139.0	130.0	125.0	156.0	132.0	134.0	134.0	134.0	141.0	144.0	141.0	137.0	168.0	147.0	136.0	132.0	127.0	136.0	128.0	118.0	117.0	123.0	153.0	125.0	130.0	117.0	152.0	126.0	226.0	146.0	118.0	148.0	117.0	124.0	182.0	115.0
CAGCCGACACCAAAGG-1	104.0	94.0	132.0	93.0	91.0	117.0	92.0	101.0	89.0	108.0	107.0	89.0	105.0	94.0	89.0	103.0	93.0	100.0	99.0	95.0	83.0	99.0	121.0	186.0	111.0	88.0	122.0	95.0	150.0	113.0	93.0	146.0	111.0	140.0	0.0	105.0	101.0	89.0	99.0	125.0	111.0	129.0	87.0	101.0	90.0	94.0	99.0	123.0	107.0	100.0	101.0	118.0	110.0	118.0	98.0	98.0	85.0	98.0	99.0	97.0	152.0	103.0	112.0	92.0	112.0	103.0	106.0	74.0	90.0	110.0	116.0	96.0	100.0	120.0	112.0	103.0	115.0	110.0	115.0	113.0	107.0	119.0	154.0	125.0	117.0	97.0	103.0	104.0	93.0	88.0	94.0	94.0	125.0	94.0	87.0	84.0	116.0	93.0	196.0	114.0	95.0	121.0	95.0	98.0	152.0	88.0
CAGCTAATCAGCATAC-1	89.0	75.0	121.0	72.0	67.0	119.0	78.0	83.0	75.0	91.0	90.0	68.0	90.0	76.0	66.0	82.0	65.0	76.0	87.0	77.0	64.0	81.0	112.0	170.0	87.0	75.0	110.0	67.0	133.0	99.0	77.0	141.0	92.0	140.0	105.0	0.0	97.0	68.0	79.0	105.0	82.0	124.0	89.0	93.0	75.0	76.0	104.0	112.0	82.0	73.0	88.0	112.0	76.0	102.0	77.0	87.0	68.0	82.0	77.0	82.0	137.0	88.0	103.0	73.0	102.0	97.0	87.0	63.0	69.0	92.0	93.0	83.0	78.0	98.0	95.0	101.0	103.0	92.0	104.0	101.0	90.0	96.0	132.0	105.0	95.0	77.0	86.0	96.0	65.0	66.0	70.0	69.0	104.0	71.0	90.0	65.0	104.0	81.0	199.0	93.0	75.0	108.0	74.0	70.0	154.0	82.0
CAGTAACTCAGATTCG-1	103.0	87.0	127.0	83.0	82.0	120.0	90.0	95.0	76.0	99.0	105.0	82.0	107.0	89.0	87.0	93.0	84.0	96.0	88.0	89.0	77.0	84.0	118.0	180.0	103.0	84.0	121.0	87.0	149.0	104.0	90.0	148.0	98.0	137.0	101.0	97.0	0.0	86.0	91.0	114.0	104.0	125.0	86.0	93.0	91.0	84.0	100.0	121.0	98.0	91.0	98.0	115.0	106.0	115.0	92.0	97.0	84.0	89.0	90.0	91.0	141.0	100.0	111.0	89.0	110.0	99.0	98.0	80.0	85.0	101.0	106.0	91.0	92.0	122.0	103.0	108.0	110.0	98.0	108.0	112.0	106.0	105.0	144.0	117.0	102.0	94.0	94.0	104.0	88.0	81.0	80.0	90.0	128.0	88.0	95.0	78.0	112.0	87.0	198.0	108.0	88.0	118.0	81.0	91.0	154.0	91.0
CATGACAAGCGACGTA-1	71.0	68.0	105.0	57.0	57.0	105.0	67.0	70.0	60.0	82.0	81.0	58.0	75.0	62.0	57.0	70.0	53.0	66.0	66.0	64.0	60.0	66.0	98.0	163.0	77.0	60.0	94.0	57.0	118.0	79.0	67.0	127.0	74.0	121.0	89.0	68.0	86.0	0.0	58.0	96.0	82.0	110.0	72.0	81.0	66.0	70.0	87.0	99.0	69.0	59.0	77.0	99.0	81.0	91.0	67.0	72.0	65.0	68.0	65.0	66.0	128.0	75.0	89.0	56.0	85.0	77.0	70.0	56.0	56.0	78.0	77.0	72.0	63.0	94.0	79.0	91.0	88.0	81.0	91.0	84.0	74.0	89.0	122.0	89.0	82.0	71.0	75.0	76.0	63.0	56.0	58.0	50.0	92.0	59.0	76.0	50.0	91.0	72.0	178.0	87.0	66.0	93.0	58.0	63.0	142.0	65.0
CCCTCCTGTAGAATAC-1	77.0	69.0	108.0	57.0	63.0	105.0	67.0	70.0	62.0	77.0	82.0	60.0	79.0	61.0	68.0	71.0	56.0	68.0	73.0	69.0	57.0	63.0	101.0	160.0	74.0	58.0	97.0	55.0	120.0	76.0	72.0	130.0	73.0	126.0	99.0	79.0	91.0	58.0	0.0	100.0	76.0	111.0	78.0	84.0	70.0	61.0	95.0	97.0	65.0	56.0	88.0	102.0	82.0	89.0	68.0	74.0	74.0	65.0	64.0	63.0	131.0	82.0	88.0	64.0	86.0	75.0	75.0	56.0	60.0	84.0	82.0	75.0	67.0	98.0	80.0	100.0	90.0	83.0	85.0	89.0	82.0	90.0	128.0	89.0	77.0	64.0	74.0	76.0	68.0	60.0	57.0	65.0	94.0	51.0	82.0	57.0	97.0	68.0	187.0	92.0	66.0	93.0	54.0	61.0	147.0	69.0
CCGGGATTCTCAGCGG-1	110.0	104.0	144.0	92.0	96.0	130.0	101.0	95.0	96.0	115.0	114.0	96.0	108.0	100.0	96.0	105.0	86.0	103.0	110.0	88.0	87.0	102.0	139.0	191.0	107.0	96.0	126.0	99.0	147.0	111.0	104.0	156.0	105.0	148.0	125.0	105.0	114.0	96.0	100.0	0.0	116.0	134.0	102.0	110.0	101.0	105.0	105.0	134.0	110.0	95.0	109.0	123.0	113.0	125.0	101.0	106.0	101.0	96.0	97.0	99.0	161.0	108.0	119.0	98.0	119.0	112.0	107.0	93.0	94.0	113.0	111.0	104.0	99.0	132.0	111.0	122.0	114.0	107.0	118.0	121.0	111.0	120.0	154.0	123.0	109.0	109.0	106.0	113.0	100.0	93.0	99.0	97.0	134.0	98.0	107.0	82.0	124.0	104.0	211.0	119.0	94.0	125.0	98.0	93.0	173.0	105.0
CCGGTAGTCATGTGAC-1	95.0	79.0	123.0	79.0	82.0	118.0	77.0	92.0	77.0	93.0	89.0	78.0	95.0	84.0	81.0	89.0	74.0	79.0	92.0	86.0	69.0	84.0	112.0	179.0	93.0	74.0	107.0	72.0	137.0	100.0	84.0	144.0	90.0	141.0	111.0	82.0	104.0	82.0	76.0	116.0	0.0	129.0	96.0	94.0	88.0	81.0	106.0	108.0	85.0	81.0	98.0	120.0	99.0	111.0	85.0	90.0	85.0	76.0	77.0	83.0	144.0	98.0	109.0	79.0	109.0	92.0	87.0	69.0	75.0	95.0	91.0	92.0	82.0	106.0	96.0	113.0	104.0	95.0	100.0	107.0	98.0	98.0	141.0	107.0	94.0	80.0	91.0	96.0	83.0	76.0	74.0	85.0	107.0	70.0	96.0	73.0	111.0	85.0	204.0	102.0	74.0	109.0	77.0	83.0	155.0	87.0
CCGTTCAAGAAACGCC-1	124.0	118.0	151.0	101.0	104.0	86.0	113.0	120.0	112.0	127.0	129.0	110.0	128.0	110.0	111.0	119.0	104.0	120.0	119.0	110.0	107.0	115.0	145.0	201.0	122.0	107.0	145.0	106.0	157.0	121.0	113.0	109.0	119.0	157.0	129.0	124.0	125.0	110.0	111.0	134.0	129.0	0.0	107.0	125.0	113.0	107.0	125.0	84.0	121.0	110.0	121.0	132.0	134.0	134.0	117.0	117.0	117.0	113.0	113.0	120.0	177.0	120.0	132.0	110.0	126.0	115.0	124.0	103.0	111.0	126.0	129.0	113.0	113.0	146.0	126.0	78.0	131.0	123.0	132.0	133.0	124.0	140.0	161.0	140.0	129.0	117.0	111.0	127.0	118.0	104.0	109.0	111.0	144.0	110.0	69.0	103.0	141.0	112.0	176.0	137.0	111.0	130.0	110.0	110.0	181.0	86.0
CCTAGCTCACAACTTG-1	85.0	75.0	116.0	70.0	73.0	90.0	76.0	77.0	72.0	89.0	90.0	73.0	89.0	74.0	71.0	79.0	66.0	83.0	77.0	74.0	70.0	77.0	108.0	173.0	88.0	76.0	102.0	81.0	129.0	89.0	78.0	127.0	89.0	112.0	87.0	89.0	86.0	72.0	78.0	102.0	96.0	107.0	0.0	81.0	71.0	72.0	74.0	105.0	86.0	78.0	81.0	91.0	98.0	95.0	75.0	82.0	72.0	78.0	81.0	78.0	131.0	83.0	96.0	76.0	91.0	85.0	83.0	63.0	73.0	91.0	93.0	74.0	75.0	109.0	89.0	79.0	87.0	85.0	99.0	98.0	89.0	98.0	126.0	104.0	91.0	82.0	77.0	88.0	77.0	68.0	72.0	73.0	106.0	75.0	61.0	61.0	106.0	73.0	167.0	98.0	73.0	90.0	71.0	75.0	122.0	57.0
CCTCAGTTCATCACTT-1	87.0	73.0	120.0	76.0	81.0	107.0	74.0	81.0	75.0	93.0	93.0	77.0	91.0	75.0	81.0	81.0	76.0	78.0	79.0	79.0	65.0	81.0	111.0	173.0	90.0	72.0	104.0	74.0	138.0	90.0	82.0	138.0	86.0	130.0	101.0	93.0	93.0	81.0	84.0	110.0	94.0	125.0	81.0	0.0	85.0	78.0	96.0	114.0	84.0	77.0	91.0	109.0	101.0	101.0	85.0	87.0	78.0	78.0	83.0	77.0	135.0	90.0	102.0	85.0	102.0	81.0	80.0	73.0	74.0	95.0	95.0	84.0	73.0	110.0	89.0	104.0	97.0	91.0	93.0	98.0	98.0	96.0	131.0	98.0	87.0	82.0	87.0	93.0	83.0	78.0	72.0	85.0	115.0	81.0	91.0	75.0	99.0	83.0	196.0	100.0	66.0	104.0	76.0	80.0	145.0	86.0
CCTCTGAGTAACTAAG-1	85.0	66.0	113.0	63.0	60.0	104.0	69.0	75.0	66.0	81.0	84.0	57.0	83.0	73.0	56.0	78.0	51.0	80.0	74.0	68.0	60.0	80.0	105.0	171.0	81.0	63.0	107.0	67.0	135.0	90.0	72.0	127.0	86.0	129.0	90.0	75.0	91.0	66.0	70.0	101.0	88.0	113.0	71.0	85.0	0.0	73.0	87.0	103.0	74.0	63.0	76.0	101.0	79.0	95.0	63.0	84.0	63.0	77.0	75.0	79.0	127.0	84.0	97.0	68.0	89.0	95.0	82.0	49.0	63.0	86.0	87.0	72.0	80.0	93.0	92.0	96.0	91.0	85.0	96.0	96.0	87.0	99.0	131.0	97.0	91.0	77.0	80.0	90.0	70.0	52.0	58.0	63.0	110.0	58.0	75.0	49.0	100.0	77.0	178.0	87.0	73.0	100.0	64.0	63.0	137.0	56.0
CGACCTTAGCGCGTCT-1	80.0	67.0	109.0	57.0	68.0	99.0	69.0	78.0	62.0	84.0	83.0	64.0	85.0	64.0	70.0	70.0	64.0	75.0	71.0	70.0	61.0	61.0	99.0	156.0	78.0	59.0	98.0	62.0	124.0	77.0	71.0	126.0	80.0	118.0	94.0	76.0	84.0	70.0	61.0	105.0	81.0	107.0	72.0	78.0	73.0	0.0	89.0	101.0	69.0	61.0	81.0	104.0	85.0	90.0	73.0	73.0	69.0	61.0	67.0	70.0	129.0	80.0	95.0	71.0	89.0	73.0	81.0	57.0	69.0	85.0	88.0	71.0	66.0	100.0	83.0	96.0	91.0	78.0	89.0	97.0	87.0	88.0	125.0	94.0	77.0	68.0	64.0	80.0	71.0	61.0	57.0	74.0	95.0	55.0	75.0	58.0	101.0	63.0	183.0	91.0	61.0	90.0	57.0	62.0	143.0	68.0
CGACCTTTCCGCACGA-1	99.0	92.0	127.0	79.0	86.0	108.0	85.0	88.0	85.0	101.0	104.0	87.0	101.0	89.0	87.0	95.0	79.0	94.0	93.0	87.0	81.0	93.0	118.0	179.0	100.0	88.0	113.0	92.0	135.0	102.0	92.0	146.0	95.0	130.0	99.0	104.0	100.0	87.0	95.0	105.0	106.0	125.0	74.0	96.0	87.0	89.0	0.0	121.0	98.0	92.0	90.0	109.0	112.0	112.0	87.0	97.0	84.0	85.0	89.0	88.0	149.0	93.0	107.0	90.0	109.0	101.0	96.0	75.0	85.0	103.0	104.0	88.0	87.0	118.0	102.0	100.0	101.0	96.0	106.0	109.0	103.0	109.0	133.0	115.0	103.0	99.0	90.0	99.0	93.0	81.0	82.0	88.0	124.0	83.0	83.0	75.0	113.0	91.0	184.0	104.0	84.0	111.0	86.0	89.0	141.0	72.0
CGACCTTTCTCCGGAG-1	114.0	103.0	143.0	94.0	93.0	80.0	96.0	111.0	96.0	115.0	110.0	97.0	118.0	100.0	103.0	107.0	89.0	108.0	110.0	103.0	95.0	104.0	136.0	200.0	115.0	96.0	139.0	95.0	158.0	115.0	102.0	92.0	110.0	151.0	123.0	112.0	121.0	99.0	97.0	134.0	108.0	84.0	105.0	114.0	103.0	101.0	121.0	0.0	107.0	92.0	112.0	126.0	122.0	129.0	103.0	108.0	108.0	101.0	105.0	108.0	158.0	118.0	131.0	97.0	120.0	114.0	112.0	88.0	97.0	119.0	123.0	108.0	104.0	132.0	123.0	71.0	126.0	116.0	125.0	125.0	116.0	126.0	162.0	128.0	119.0	106.0	114.0	119.0	106.0	91.0	94.0	99.0	138.0	94.0	62.0	91.0	130.0	109.0	177.0	126.0	104.0	129.0	95.0	98.0	173.0	74.0
CGAGCCACAGCTTGAT-1	88.0	69.0	118.0	58.0	68.0	113.0	76.0	82.0	62.0	82.0	86.0	68.0	89.0	70.0	68.0	77.0	61.0	76.0	76.0	73.0	65.0	71.0	106.0	166.0	88.0	65.0	109.0	60.0	136.0	84.0	80.0	135.0	81.0	132.0	107.0	82.0	98.0	69.0	65.0	110.0	85.0	121.0	86.0	84.0	74.0	69.0	98.0	107.0	0.0	67.0	88.0	113.0	96.0	99.0	74.0	83.0	76.0	73.0	72.0	73.0	131.0	88.0	101.0	73.0	90.0	84.0	82.0	63.0	61.0	94.0	89.0	82.0	71.0	101.0	85.0	108.0	96.0	85.0	99.0	101.0	87.0	100.0	131.0	94.0	83.0	74.0	85.0	87.0	71.0	68.0	58.0	71.0	106.0	56.0	91.0	61.0	103.0	79.0	193.0	97.0	70.0	102.0	62.0	68.0	149.0	75.0
CGATGGCCATATGTGC-1	79.0	67.0	109.0	51.0	61.0	103.0	62.0	73.0	65.0	83.0	79.0	53.0	76.0	65.0	66.0	67.0	48.0	64.0	68.0	67.0	59.0	64.0	95.0	157.0	76.0	52.0	96.0	58.0	124.0	80.0	72.0	127.0	70.0	123.0	100.0	73.0	91.0	59.0	56.0	95.0	81.0	110.0	78.0	77.0	63.0	61.0	92.0	92.0	67.0	0.0	80.0	102.0	78.0	93.0	63.0	72.0	67.0	64.0	65.0	63.0	124.0	80.0	90.0	61.0	87.0	82.0	79.0	53.0	57.0	84.0	81.0	68.0	64.0	94.0	75.0	102.0	91.0	82.0	92.0	92.0	81.0	94.0	124.0	87.0	77.0	72.0	73.0	81.0	65.0	55.0	47.0	63.0	101.0	49.0	78.0	50.0	96.0	75.0	182.0	87.0	60.0	97.0	53.0	57.0	139.0	63.0
CGCCAAGCAGGTTAAA-1	95.0	83.0	124.0	75.0	77.0	112.0	80.0	79.0	73.0	95.0	101.0	74.0	96.0	79.0	72.0	85.0	67.0	90.0	83.0	77.0	74.0	84.0	110.0	182.0	88.0	73.0	117.0	80.0	144.0	96.0	84.0	130.0	90.0	140.0	101.0	88.0	98.0	77.0	88.0	109.0	98.0	121.0	81.0	91.0	76.0	81.0	90.0	112.0	88.0	80.0	0.0	105.0	97.0	109.0	76.0	89.0	77.0	83.0	89.0	82.0	138.0	93.0	109.0	82.0	100.0	99.0	84.0	69.0	76.0	96.0	101.0	78.0	78.0	104.0	101.0	101.0	102.0	86.0	104.0	110.0	97.0	102.0	141.0	103.0	90.0	91.0	89.0	97.0	77.0	70.0	71.0	74.0	117.0	77.0	82.0	61.0	112.0	82.0	185.0	98.0	74.0	114.0	76.0	72.0	147.0	72.0
CGCGGTACATAGGTCT-1	115.0	101.0	144.0	98.0	95.0	126.0	105.0	104.0	97.0	119.0	121.0	100.0	115.0	103.0	94.0	107.0	94.0	109.0	107.0	97.0	93.0	104.0	129.0	194.0	111.0	100.0	131.0	102.0	165.0	115.0	106.0	148.0	114.0	153.0	118.0	112.0	115.0	99.0	102.0	123.0	120.0	132.0	91.0	109.0	101.0	104.0	109.0	126.0	113.0	102.0	105.0	0.0	121.0	131.0	102.0	111.0	96.0	103.0	109.0	104.0	155.0	114.0	124.0	99.0	114.0	113.0	106.0	95.0	95.0	117.0	124.0	95.0	98.0	135.0	116.0	116.0	114.0	104.0	124.0	130.0	119.0	127.0	156.0	127.0	118.0	107.0	111.0	112.0	101.0	95.0	96.0	100.0	140.0	102.0	91.0	87.0	132.0	107.0	191.0	123.0	100.0	124.0	96.0	97.0	156.0	76.0
CGCGTTTAGCACACAG-1	93.0	86.0	128.0	79.0	79.0	120.0	82.0	87.0	85.0	99.0	102.0	76.0	95.0	84.0	80.0	91.0	75.0	90.0	95.0	85.0	68.0	86.0	121.0	176.0	93.0	77.0	113.0	80.0	141.0	103.0	85.0	144.0	97.0	143.0	110.0	76.0	106.0	81.0	82.0	113.0	99.0	134.0	98.0	101.0	79.0	85.0	112.0	122.0	96.0	78.0	97.0	121.0	0.0	109.0	81.0	90.0	77.0	86.0	86.0	92.0	143.0	98.0	105.0	80.0	110.0	103.0	94.0	69.0	78.0	96.0	98.0	87.0	88.0	103.0	105.0	116.0	108.0	100.0	111.0	107.0	99.0	103.0	142.0	104.0	101.0	90.0	93.0	98.0	84.0	74.0	75.0	77.0	115.0	75.0	100.0	75.0	111.0	86.0	207.0	99.0	84.0	122.0	80.0	75.0	159.0	86.0
CGCTGGACAATCCTTT-1	98.0	99.0	126.0	93.0	91.0	124.0	94.0	94.0	92.0	105.0	108.0	86.0	102.0	87.0	94.0	94.0	86.0	92.0	104.0	96.0	84.0	97.0	130.0	181.0	108.0	88.0	122.0	88.0	146.0	104.0	97.0	152.0	111.0	149.0	118.0	102.0	115.0	91.0	89.0	125.0	111.0	134.0	95.0	101.0	95.0	90.0	112.0	129.0	99.0	93.0	109.0	131.0	109.0	0.0	101.0	99.0	92.0	93.0	95.0	94.0	155.0	100.0	117.0	95.0	114.0	102.0	100.0	82.0	90.0	115.0	109.0	99.0	92.0	125.0	105.0	118.0	114.0	110.0	109.0	113.0	104.0	114.0	150.0	119.0	111.0	99.0	101.0	112.0	91.0	87.0	91.0	93.0	119.0	88.0	101.0	88.0	113.0	88.0	207.0	114.0	88.0	124.0	90.0	92.0	166.0	101.0
CGGAGTCTCCACTAAG-1	89.0	68.0	114.0	54.0	60.0	104.0	67.0	72.0	68.0	82.0	90.0	63.0	87.0	72.0	60.0	79.0	57.0	76.0	70.0	71.0	60.0	76.0	105.0	166.0	70.0	64.0	111.0	64.0	138.0	92.0	75.0	131.0	84.0	127.0	98.0	77.0	92.0	67.0	68.0	101.0	85.0	117.0	75.0	85.0	63.0	73.0	87.0	103.0	74.0	63.0	76.0	102.0	81.0	101.0	0.0	83.0	71.0	74.0	73.0	81.0	126.0	86.0	103.0	67.0	88.0	91.0	78.0	56.0	60.0	90.0	92.0	74.0	77.0	93.0	91.0	104.0	92.0	83.0	96.0	99.0	83.0	99.0	123.0	85.0	88.0	66.0	83.0	88.0	72.0	60.0	57.0	59.0	112.0	56.0	84.0	52.0	103.0	79.0	187.0	89.0	69.0	102.0	67.0	60.0	141.0	64.0
CTACCCAAGTCATCCA-1	85.0	80.0	112.0	67.0	80.0	109.0	72.0	83.0	72.0	91.0	93.0	70.0	88.0	69.0	75.0	78.0	68.0	81.0	84.0	71.0	68.0	77.0	107.0	167.0	81.0	72.0	105.0	72.0	125.0	86.0	77.0	138.0	79.0	125.0	98.0	87.0	97.0	72.0	74.0	106.0	90.0	117.0	82.0	87.0	84.0	73.0	97.0	108.0	83.0	72.0	89.0	111.0	90.0	99.0	83.0	0.0	79.0	73.0	72.0	76.0	136.0	86.0	98.0	76.0	97.0	80.0	87.0	62.0	75.0	85.0	97.0	76.0	72.0	101.0	81.0	102.0	96.0	89.0	98.0	104.0	90.0	96.0	128.0	100.0	90.0	75.0	77.0	80.0	80.0	69.0	75.0	78.0	105.0	68.0	88.0	66.0	106.0	67.0	194.0	100.0	74.0	109.0	66.0	72.0	155.0	81.0
CTACCCAAGTTGTAGA-1	75.0	74.0	112.0	66.0	60.0	106.0	70.0	75.0	65.0	79.0	80.0	66.0	78.0	73.0	58.0	73.0	65.0	74.0	74.0	73.0	57.0	73.0	104.0	162.0	81.0	68.0	102.0	64.0	129.0	86.0	67.0	133.0	84.0	128.0	85.0	68.0	84.0	65.0	74.0	101.0	85.0	117.0	72.0	78.0	63.0	69.0	84.0	108.0	76.0	67.0	77.0	96.0	77.0	92.0	71.0	79.0	0.0	74.0	73.0	76.0	130.0	86.0	92.0	71.0	96.0	85.0	71.0	57.0	66.0	79.0	84.0	75.0	77.0	88.0	87.0	93.0	93.0	74.0	94.0	94.0	81.0	95.0	134.0	103.0	90.0	73.0	75.0	87.0	69.0	59.0	59.0	72.0	107.0	61.0	79.0	59.0	94.0	71.0	182.0	83.0	70.0	103.0	68.0	67.0	139.0	69.0
CTCGAAACATCAGGGA-1	85.0	71.0	107.0	63.0	68.0	99.0	67.0	74.0	66.0	83.0	88.0	69.0	84.0	60.0	76.0	71.0	61.0	71.0	73.0	72.0	56.0	62.0	100.0	158.0	78.0	57.0	93.0	59.0	123.0	83.0	71.0	135.0	70.0	126.0	98.0	82.0	89.0	68.0	65.0	96.0	76.0	113.0	78.0	78.0	77.0	61.0	85.0	101.0	73.0	64.0	83.0	103.0	86.0	93.0	74.0	73.0	74.0	0.0	66.0	61.0	130.0	81.0	93.0	68.0	91.0	75.0	74.0	58.0	66.0	84.0	81.0	72.0	58.0	101.0	81.0	103.0	90.0	80.0	90.0	92.0	85.0	86.0	123.0	89.0	80.0	70.0	74.0	79.0	71.0	66.0	60.0	74.0	93.0	55.0	83.0	60.0	92.0	76.0	190.0	87.0	59.0	96.0	62.0	67.0	140.0	78.0
CTCGTACAGCGTGAAC-1	77.0	70.0	113.0	59.0	64.0	108.0	69.0	78.0	69.0	82.0	77.0	57.0	79.0	68.0	70.0	77.0	62.0	69.0	78.0	70.0	53.0	72.0	99.0	162.0	80.0	62.0	99.0	60.0	120.0	81.0	70.0	134.0	74.0	127.0	99.0	77.0	90.0	65.0	64.0	97.0	77.0	113.0	81.0	83.0	75.0	67.0	89.0	105.0	72.0	65.0	89.0	109.0	86.0	95.0	73.0	72.0	73.0	66.0	0.0	71.0	130.0	76.0	93.0	64.0	94.0	83.0	81.0	57.0	60.0	87.0	83.0	77.0	67.0	95.0	82.0	101.0	88.0	79.0	88.0	94.0	88.0	95.0	130.0	99.0	83.0	72.0	77.0	84.0	70.0	67.0	65.0	72.0	100.0	58.0	82.0	62.0	98.0	71.0	191.0	92.0	64.0	99.0	67.0	69.0	150.0	78.0
CTTAACTGTGTGTTCA-1	83.0	68.0	114.0	62.0	75.0	105.0	66.0	75.0	67.0	87.0	86.0	65.0	84.0	65.0	73.0	73.0	64.0	68.0	73.0	72.0	60.0	70.0	100.0	160.0	84.0	59.0	97.0	59.0	126.0	81.0	78.0	132.0	70.0	121.0	97.0	82.0	91.0	66.0	63.0	99.0	83.0	120.0	78.0	77.0	79.0	70.0	88.0	108.0	73.0	63.0	82.0	104.0	92.0	94.0	81.0	76.0	76.0	61.0	71.0	0.0	131.0	83.0	92.0	70.0	86.0	79.0	74.0	61.0	70.0	89.0	82.0	73.0	44.0	104.0	79.0	100.0	89.0	71.0	84.0	95.0	89.0	88.0	126.0	94.0	80.0	76.0	75.0	76.0	72.0	64.0	64.0	75.0	92.0	64.0	83.0	62.0	92.0	75.0	186.0	95.0	62.0	101.0	61.0	72.0	144.0	76.0
CTTCTCTAGCCAACAG-1	147.0	121.0	176.0	126.0	125.0	159.0	133.0	130.0	121.0	142.0	143.0	121.0	141.0	126.0	125.0	134.0	115.0	133.0	132.0	127.0	111.0	124.0	155.0	210.0	141.0	120.0	162.0	122.0	190.0	145.0	128.0	179.0	142.0	164.0	152.0	137.0	141.0	128.0	131.0	161.0	144.0	177.0	131.0	135.0	127.0	129.0	149.0	158.0	131.0	124.0	138.0	155.0	143.0	155.0	126.0	136.0	130.0	130.0	130.0	131.0	0.0	140.0	147.0	128.0	143.0	146.0	137.0	117.0	118.0	146.0	146.0	130.0	132.0	158.0	143.0	152.0	147.0	144.0	151.0	159.0	150.0	150.0	182.0	146.0	136.0	135.0	140.0	140.0	122.0	118.0	118.0	129.0	164.0	124.0	138.0	111.0	153.0	130.0	240.0	148.0	128.0	156.0	117.0	126.0	188.0	124.0
CTTCTCTAGGCTAGAC-1	88.0	79.0	118.0	74.0	78.0	115.0	81.0	89.0	79.0	92.0	98.0	73.0	88.0	77.0	79.0	89.0	74.0	83.0	86.0	77.0	72.0	84.0	104.0	177.0	94.0	73.0	107.0	77.0	124.0	92.0	81.0	141.0	92.0	136.0	103.0	88.0	100.0	75.0	82.0	108.0	98.0	120.0	83.0	90.0	84.0	80.0	93.0	118.0	88.0	80.0	93.0	114.0	98.0	100.0	86.0	86.0	86.0	81.0	76.0	83.0	140.0	0.0	98.0	75.0	95.0	93.0	89.0	69.0	75.0	95.0	96.0	83.0	83.0	112.0	92.0	107.0	95.0	92.0	98.0	102.0	95.0	100.0	138.0	107.0	91.0	84.0	88.0	92.0	79.0	79.0	82.0	80.0	110.0	79.0	87.0	64.0	105.0	81.0	196.0	96.0	73.0	103.0	76.0	79.0	154.0	87.0
GAGGTGAGTACAAGGC-1	95.0	100.0	127.0	92.0	94.0	121.0	100.0	101.0	94.0	109.0	104.0	85.0	97.0	95.0	97.0	94.0	88.0	93.0	97.0	91.0	81.0	93.0	126.0	181.0	106.0	87.0	115.0	94.0	135.0	105.0	94.0	148.0	103.0	134.0	112.0	103.0	111.0	89.0	88.0	119.0	109.0	132.0	96.0	102.0	97.0	95.0	107.0	131.0	101.0	90.0	109.0	124.0	105.0	117.0	103.0	98.0	92.0	93.0	93.0	92.0	147.0	98.0	0.0	92.0	116.0	102.0	99.0	86.0	89.0	104.0	108.0	94.0	97.0	123.0	101.0	121.0	108.0	110.0	111.0	107.0	106.0	105.0	146.0	118.0	105.0	105.0	99.0	104.0	91.0	92.0	94.0	96.0	123.0	90.0	102.0	83.0	116.0	95.0	209.0	113.0	89.0	119.0	87.0	94.0	168.0	100.0
GAGGTGATCTCGAATG-1	71.0	70.0	111.0	58.0	55.0	103.0	60.0	74.0	67.0	78.0	83.0	59.0	73.0	64.0	64.0	76.0	55.0	71.0	71.0	63.0	57.0	72.0	102.0	170.0	75.0	58.0	101.0	61.0	123.0	83.0	64.0	127.0	73.0	122.0	92.0	73.0	89.0	56.0	64.0	98.0	79.0	110.0	76.0	85.0	68.0	71.0	90.0	97.0	73.0	61.0	82.0	99.0	80.0	95.0	67.0	76.0	71.0	68.0	64.0	70.0	128.0	75.0	92.0	0.0	86.0	83.0	77.0	57.0	59.0	80.0	85.0	75.0	68.0	90.0	83.0	99.0	86.0	79.0	93.0	90.0	79.0	97.0	126.0	94.0	84.0	73.0	77.0	83.0	61.0	52.0	62.0	57.0	94.0	62.0	81.0	53.0	91.0	71.0	185.0	85.0	67.0	100.0	64.0	64.0	143.0	66.0
GATCTAGAGAAACCCG-1	106.0	84.0	132.0	78.0	87.0	125.0	90.0	96.0	87.0	102.0	110.0	91.0	103.0	87.0	87.0	95.0	78.0	98.0	90.0	85.0	81.0	94.0	109.0	189.0	99.0	83.0	120.0	86.0	146.0	104.0	96.0	147.0	97.0	143.0	112.0	102.0	110.0	85.0	86.0	119.0	109.0	126.0	91.0	102.0	89.0	89.0	109.0	120.0	90.0	87.0	100.0	114.0	110.0	114.0	88.0	97.0	96.0	91.0	94.0	86.0	143.0	95.0	116.0	86.0	0.0	104.0	98.0	80.0	84.0	104.0	111.0	95.0	92.0	123.0	105.0	114.0	111.0	101.0	118.0	114.0	105.0	114.0	138.0	115.0	102.0	94.0	97.0	98.0	88.0	77.0	83.0	79.0	119.0	87.0	95.0	74.0	121.0	95.0	196.0	112.0	96.0	122.0	82.0	82.0	158.0	80.0
GATTCAGGTCAAACTC-1	83.0	86.0	117.0	77.0	81.0	109.0	81.0	86.0	75.0	99.0	99.0	79.0	94.0	72.0	85.0	83.0	81.0	85.0	86.0	81.0	73.0	77.0	114.0	170.0	94.0	71.0	106.0	72.0	131.0	89.0	85.0	141.0	89.0	127.0	103.0	97.0	99.0	77.0	75.0	112.0	92.0	115.0	85.0	81.0	95.0	73.0	101.0	114.0	84.0	82.0	99.0	113.0	103.0	102.0	91.0	80.0	85.0	75.0	83.0	79.0	146.0	93.0	102.0	83.0	104.0	0.0	85.0	75.0	80.0	95.0	98.0	86.0	73.0	115.0	90.0	106.0	106.0	93.0	98.0	102.0	93.0	99.0	134.0	102.0	85.0	82.0	82.0	90.0	84.0	80.0	77.0	87.0	104.0	77.0	93.0	76.0	111.0	76.0	199.0	106.0	71.0	102.0	75.0	76.0	154.0	89.0
GCATGATAGGTTCCTA-1	78.0	74.0	118.0	69.0	73.0	115.0	72.0	76.0	75.0	87.0	94.0	78.0	84.0	76.0	70.0	84.0	67.0	77.0	78.0	74.0	68.0	80.0	113.0	177.0	82.0	64.0	106.0	67.0	135.0	83.0	87.0	140.0	74.0	132.0	106.0	87.0	98.0	70.0	75.0	107.0	87.0	124.0	83.0	80.0	82.0	81.0	96.0	112.0	82.0	79.0	84.0	106.0	94.0	100.0	78.0	87.0	71.0	74.0	81.0	74.0	137.0	89.0	99.0	77.0	98.0	85.0	0.0	69.0	69.0	91.0	88.0	77.0	76.0	99.0	85.0	107.0	97.0	85.0	94.0	96.0	83.0	94.0	135.0	95.0	87.0	81.0	80.0	90.0	78.0	71.0	70.0	72.0	106.0	73.0	90.0	65.0	99.0	78.0	194.0	94.0	74.0	112.0	73.0	72.0	148.0	79.0
GCCAAATTCGCTATTT-1	77.0	54.0	105.0	51.0	50.0	92.0	49.0	67.0	49.0	74.0	78.0	50.0	67.0	55.0	51.0	62.0	43.0	65.0	66.0	59.0	45.0	62.0	93.0	156.0	67.0	45.0	96.0	52.0	121.0	77.0	60.0	119.0	73.0	116.0	74.0	63.0	80.0	56.0	56.0	93.0	69.0	103.0	63.0	73.0	49.0	57.0	75.0	88.0	63.0	53.0	69.0	95.0	69.0	82.0	56.0	62.0	57.0	58.0	57.0	61.0	117.0	69.0	86.0	57.0	80.0	75.0	69.0	0.0	50.0	78.0	75.0	60.0	62.0	79.0	79.0	88.0	80.0	74.0	87.0	88.0	75.0	86.0	119.0	86.0	77.0	57.0	65.0	71.0	59.0	49.0	51.0	55.0	96.0	45.0	67.0	40.0	88.0	57.0	172.0	79.0	58.0	90.0	46.0	52.0	126.0	50.0
GCGCAACAGGATCGCA-1	77.0	62.0	111.0	56.0	51.0	102.0	63.0	67.0	54.0	72.0	74.0	59.0	75.0	60.0	56.0	68.0	41.0	65.0	71.0	58.0	46.0	64.0	99.0	161.0	72.0	56.0	101.0	56.0	128.0	80.0	67.0	119.0	70.0	121.0	90.0	69.0	85.0	56.0	60.0	94.0	75.0	111.0	73.0	74.0	63.0	69.0	85.0	97.0	61.0	57.0	76.0	95.0	78.0	90.0	60.0	75.0	66.0	66.0	60.0	70.0	118.0	75.0	89.0	59.0	84.0	80.0	69.0	50.0	0.0	82.0	74.0	71.0	66.0	90.0	78.0	96.0	86.0	78.0	90.0	87.0	80.0	90.0	126.0	83.0	80.0	67.0	76.0	77.0	61.0	53.0	53.0	59.0	101.0	54.0	77.0	49.0	96.0	68.0	181.0	83.0	61.0	97.0	56.0	57.0	131.0	60.0
GCTGCAGTCCACTTCG-1	92.0	90.0	121.0	77.0	80.0	119.0	84.0	92.0	79.0	100.0	99.0	77.0	93.0	85.0	79.0	90.0	78.0	91.0	90.0	78.0	76.0	86.0	121.0	184.0	87.0	71.0	111.0	83.0	137.0	95.0	85.0	143.0	87.0	138.0	110.0	92.0	101.0	78.0	84.0	113.0	95.0	126.0	91.0	95.0	86.0	85.0	103.0	119.0	94.0	84.0	96.0	117.0	96.0	115.0	90.0	85.0	79.0	84.0	87.0	89.0	146.0	95.0	104.0	80.0	104.0	95.0	91.0	78.0	82.0	0.0	104.0	89.0	87.0	109.0	91.0	111.0	109.0	104.0	107.0	105.0	95.0	108.0	139.0	107.0	96.0	92.0	90.0	103.0	87.0	71.0	83.0	86.0	116.0	81.0	95.0	69.0	117.0	89.0	199.0	93.0	81.0	111.0	80.0	82.0	160.0	88.0
GCTGCGATCCGCTGAG-1	89.0	86.0	121.0	83.0	76.0	123.0	81.0	90.0	86.0	96.0	97.0	80.0	99.0	88.0	81.0	94.0	74.0	86.0	90.0	86.0	69.0	91.0	121.0	173.0	100.0	78.0	113.0	79.0	131.0	99.0	88.0	149.0	90.0	139.0	116.0	93.0	106.0	77.0	82.0	111.0	91.0	129.0	93.0	95.0	87.0	88.0	104.0	123.0	89.0	81.0	101.0	124.0	98.0	109.0	92.0	97.0	84.0	81.0	83.0	82.0	146.0	96.0	108.0	85.0	111.0	98.0	88.0	75.0	74.0	104.0	0.0	93.0	83.0	115.0	89.0	115.0	103.0	97.0	103.0	106.0	98.0	110.0	140.0	106.0	100.0	90.0	93.0	96.0	89.0	80.0	79.0	86.0	117.0	79.0	97.0	76.0	106.0	89.0	202.0	107.0	80.0	115.0	86.0	84.0	157.0	93.0
GCTGGGTCACGGAGTA-1	86.0	71.0	116.0	62.0	74.0	107.0	73.0	78.0	74.0	93.0	90.0	68.0	94.0	71.0	71.0	78.0	68.0	80.0	75.0	72.0	64.0	76.0	103.0	167.0	82.0	64.0	100.0	70.0	132.0	86.0	76.0	127.0	83.0	130.0	96.0	83.0	91.0	72.0	75.0	104.0	92.0	113.0	74.0	84.0	72.0	71.0	88.0	108.0	82.0	68.0	78.0	95.0	87.0	99.0	74.0	76.0	75.0	72.0	77.0	73.0	130.0	83.0	94.0	75.0	95.0	86.0	77.0	60.0	71.0	89.0	93.0	0.0	70.0	106.0	88.0	94.0	90.0	85.0	92.0	101.0	89.0	95.0	131.0	94.0	88.0	78.0	72.0	86.0	72.0	67.0	68.0	72.0	107.0	65.0	73.0	57.0	101.0	74.0	177.0	89.0	65.0	101.0	65.0	69.0	136.0	64.0
GCTTGAAGTATGCGGA-1	80.0	69.0	113.0	62.0	70.0	105.0	66.0	73.0	68.0	93.0	83.0	64.0	88.0	62.0	71.0	72.0	64.0	68.0	73.0	71.0	58.0	69.0	96.0	159.0	77.0	61.0	96.0	58.0	127.0	86.0	74.0	134.0	69.0	125.0	100.0	78.0	92.0	63.0	67.0	99.0	82.0	113.0	75.0	73.0	80.0	66.0	87.0	104.0	71.0	64.0	78.0	98.0	88.0	92.0	77.0	72.0	77.0	58.0	67.0	44.0	132.0	83.0	97.0	68.0	92.0	73.0	76.0	62.0	66.0	87.0	83.0	70.0	0.0	103.0	76.0	98.0	92.0	69.0	89.0	95.0	90.0	86.0	122.0	88.0	80.0	70.0	78.0	78.0	70.0	69.0	62.0	73.0	96.0	63.0	82.0	61.0	98.0	72.0	187.0	94.0	56.0	96.0	63.0	67.0	139.0	76.0
GGAAAGCTCTGGTGAT-1	103.0	100.0	144.0	91.0	89.0	132.0	95.0	103.0	93.0	110.0	116.0	89.0	105.0	97.0	86.0	107.0	85.0	98.0	108.0	96.0	82.0	99.0	133.0	196.0	99.0	89.0	130.0	91.0	156.0	115.0	103.0	161.0	108.0	156.0	120.0	98.0	122.0	94.0	98.0	132.0	106.0	146.0	109.0	110.0	93.0	100.0	118.0	132.0	101.0	94.0	104.0	135.0	103.0	125.0	93.0	101.0	88.0	101.0	95.0	104.0	158.0	112.0	123.0	90.0	123.0	115.0	99.0	79.0	90.0	109.0	115.0	106.0	103.0	0.0	116.0	131.0	124.0	109.0	125.0	125.0	111.0	129.0	162.0	125.0	110.0	97.0	109.0	114.0	90.0	84.0	87.0	89.0	129.0	85.0	113.0	81.0	124.0	100.0	217.0	113.0	94.0	132.0	97.0	90.0	163.0	94.0
GGAATAAGTATACACC-1	92.0	83.0	110.0	76.0	84.0	117.0	81.0	86.0	82.0	99.0	101.0	74.0	98.0	86.0	82.0	90.0	76.0	80.0	90.0	76.0	75.0	85.0	111.0	173.0	91.0	79.0	102.0	76.0	133.0	91.0	89.0	149.0	78.0	132.0	112.0	95.0	103.0	79.0	80.0	111.0	96.0	126.0	89.0	89.0	92.0	83.0	102.0	123.0	85.0	75.0	101.0	116.0	105.0	105.0	91.0	81.0	87.0	81.0	82.0	79.0	143.0	92.0	101.0	83.0	105.0	90.0	85.0	79.0	78.0	91.0	89.0	88.0	76.0	116.0	0.0	112.0	107.0	95.0	98.0	106.0	95.0	101.0	132.0	101.0	100.0	90.0	87.0	93.0	85.0	76.0	77.0	89.0	111.0	75.0	95.0	76.0	107.0	85.0	204.0	106.0	75.0	109.0	74.0	84.0	154.0	91.0
GGCTCGATCAAAGTGA-1	109.0	97.0	136.0	94.0	90.0	68.0	98.0	101.0	91.0	112.0	108.0	95.0	111.0	94.0	89.0	102.0	91.0	102.0	104.0	96.0	92.0	97.0	129.0	192.0	112.0	94.0	126.0	95.0	146.0	108.0	96.0	94.0	110.0	134.0	103.0	101.0	108.0	91.0	100.0	122.0	113.0	78.0	79.0	104.0	96.0	96.0	100.0	71.0	108.0	102.0	101.0	116.0	116.0	118.0	104.0	102.0	93.0	103.0	101.0	100.0	152.0	107.0	121.0	99.0	114.0	106.0	107.0	88.0	96.0	111.0	115.0	94.0	98.0	131.0	112.0	0.0	115.0	109.0	114.0	119.0	112.0	115.0	147.0	125.0	112.0	104.0	99.0	107.0	97.0	89.0	92.0	95.0	126.0	97.0	43.0	84.0	127.0	92.0	155.0	117.0	94.0	115.0	94.0	95.0	155.0	65.0
GGGAATGAGCTAAGAT-1	105.0	91.0	130.0	79.0	88.0	125.0	90.0	89.0	89.0	103.0	102.0	89.0	104.0	91.0	86.0	97.0	86.0	90.0	92.0	90.0	81.0	91.0	120.0	184.0	101.0	88.0	113.0	86.0	137.0	97.0	93.0	146.0	98.0	134.0	115.0	103.0	110.0	88.0	90.0	114.0	104.0	131.0	87.0	97.0	91.0	91.0	101.0	126.0	96.0	91.0	102.0	114.0	108.0	114.0	92.0	96.0	93.0	90.0	88.0	89.0	147.0	95.0	108.0	86.0	111.0	106.0	97.0	80.0	86.0	109.0	103.0	90.0	92.0	124.0	107.0	115.0	0.0	99.0	99.0	115.0	108.0	111.0	141.0	117.0	106.0	98.0	95.0	105.0	88.0	90.0	84.0	95.0	124.0	86.0	95.0	80.0	113.0	90.0	201.0	106.0	86.0	114.0	89.0	89.0	161.0	93.0
GGGAATGCAGTTCCGG-1	82.0	86.0	125.0	76.0	76.0	118.0	80.0	87.0	79.0	94.0	91.0	76.0	93.0	80.0	80.0	92.0	80.0	81.0	90.0	78.0	75.0	85.0	109.0	179.0	91.0	79.0	113.0	75.0	133.0	89.0	85.0	141.0	86.0	134.0	110.0	92.0	98.0	81.0	83.0	107.0	95.0	123.0	85.0	91.0	85.0	78.0	96.0	116.0	85.0	82.0	86.0	104.0	100.0	110.0	83.0	89.0	74.0	80.0	79.0	71.0	144.0	92.0	110.0	79.0	101.0	93.0	85.0	74.0	78.0	104.0	97.0	85.0	69.0	109.0	95.0	109.0	99.0	0.0	100.0	110.0	99.0	104.0	142.0	109.0	87.0	89.0	91.0	100.0	83.0	79.0	75.0	86.0	119.0	77.0	92.0	75.0	112.0	81.0	196.0	105.0	71.0	113.0	82.0	80.0	150.0	86.0
GGGCACTAGTGATCGG-1	94.0	93.0	131.0	82.0	93.0	120.0	89.0	94.0	90.0	104.0	101.0	85.0	107.0	94.0	89.0	99.0	89.0	90.0	97.0	91.0	79.0	93.0	120.0	180.0	106.0	84.0	111.0	87.0	139.0	98.0	95.0	146.0	94.0	141.0	115.0	104.0	108.0	91.0	85.0	118.0	100.0	132.0	99.0	93.0	96.0	89.0	106.0	125.0	99.0	92.0	104.0	124.0	111.0	109.0	96.0	98.0	94.0	90.0	88.0	84.0	151.0	98.0	111.0	93.0	118.0	98.0	94.0	87.0	90.0	107.0	103.0	92.0	89.0	125.0	98.0	114.0	99.0	100.0	0.0	108.0	104.0	106.0	148.0	114.0	105.0	98.0	92.0	103.0	92.0	89.0	82.0	97.0	121.0	90.0	102.0	86.0	111.0	91.0	207.0	109.0	79.0	117.0	89.0	92.0	166.0	98.0
GTATTCTTCGAAGCGA-1	92.0	91.0	129.0	90.0	90.0	122.0	91.0	95.0	91.0	104.0	102.0	87.0	103.0	93.0	93.0	97.0	85.0	95.0	95.0	94.0	85.0	95.0	130.0	184.0	106.0	86.0	117.0	88.0	138.0	105.0	95.0	153.0	103.0	144.0	113.0	101.0	112.0	84.0	89.0	121.0	107.0	133.0	98.0	98.0	96.0	97.0	109.0	125.0	101.0	92.0	110.0	130.0	107.0	113.0	99.0	104.0	94.0	92.0	94.0	95.0	159.0	102.0	107.0	90.0	114.0	102.0	96.0	88.0	87.0	105.0	106.0	101.0	95.0	125.0	106.0	119.0	115.0	110.0	108.0	0.0	100.0	112.0	145.0	115.0	111.0	101.0	105.0	105.0	94.0	89.0	85.0	89.0	125.0	94.0	104.0	86.0	115.0	99.0	210.0	112.0	90.0	124.0	89.0	91.0	171.0	99.0
GTCACGGAGTAGGTGC-1	92.0	85.0	128.0	75.0	81.0	121.0	83.0	87.0	78.0	93.0	96.0	81.0	97.0	83.0	80.0	85.0	72.0	89.0	90.0	85.0	77.0	83.0	121.0	185.0	93.0	81.0	114.0	80.0	133.0	94.0	89.0	146.0	95.0	141.0	107.0	90.0	106.0	74.0	82.0	111.0	98.0	124.0	89.0	98.0	87.0	87.0	103.0	116.0	87.0	81.0	97.0	119.0	99.0	104.0	83.0	90.0	81.0	85.0	88.0	89.0	150.0	95.0	106.0	79.0	105.0	93.0	83.0	75.0	80.0	95.0	98.0	89.0	90.0	111.0	95.0	112.0	108.0	99.0	104.0	100.0	0.0	103.0	143.0	105.0	103.0	92.0	87.0	96.0	86.0	79.0	78.0	75.0	115.0	78.0	95.0	70.0	111.0	84.0	202.0	101.0	85.0	113.0	77.0	79.0	161.0	85.0
GTCGGGTTCAATCTTC-1	102.0	93.0	135.0	80.0	92.0	121.0	95.0	95.0	88.0	105.0	102.0	87.0	103.0	88.0	92.0	93.0	87.0	86.0	95.0	94.0	84.0	85.0	127.0	175.0	102.0	90.0	113.0	88.0	143.0	100.0	89.0	153.0	94.0	137.0	119.0	96.0	105.0	89.0	90.0	120.0	98.0	140.0	98.0	96.0	99.0	88.0	109.0	126.0	100.0	94.0	102.0	127.0	103.0	114.0	99.0	96.0	95.0	86.0	95.0	88.0	150.0	100.0	105.0	97.0	114.0	99.0	94.0	86.0	90.0	108.0	110.0	95.0	86.0	129.0	101.0	115.0	111.0	104.0	106.0	112.0	103.0	0.0	146.0	108.0	101.0	100.0	99.0	105.0	95.0	90.0	87.0	89.0	118.0	85.0	101.0	86.0	120.0	95.0	206.0	112.0	87.0	115.0	78.0	85.0	169.0	100.0
GTCTCGTAGCAGTAGC-1	136.0	121.0	153.0	112.0	122.0	149.0	126.0	130.0	129.0	141.0	150.0	130.0	138.0	125.0	128.0	132.0	116.0	130.0	121.0	124.0	122.0	130.0	157.0	203.0	125.0	114.0	151.0	121.0	165.0	138.0	130.0	185.0	127.0	168.0	154.0	132.0	144.0	122.0	128.0	154.0	141.0	161.0	126.0	131.0	131.0	125.0	133.0	162.0	131.0	124.0	141.0	156.0	142.0	150.0	123.0	128.0	134.0	123.0	130.0	126.0	182.0	138.0	146.0	126.0	138.0	134.0	135.0	119.0	126.0	139.0	140.0	131.0	122.0	162.0	132.0	147.0	141.0	142.0	148.0	145.0	143.0	146.0	0.0	132.0	135.0	127.0	130.0	129.0	133.0	121.0	117.0	125.0	156.0	120.0	138.0	121.0	152.0	135.0	232.0	148.0	123.0	148.0	121.0	122.0	183.0	122.0
GTGCGGTAGAACTCGG-1	108.0	87.0	130.0	76.0	92.0	125.0	93.0	90.0	90.0	109.0	113.0	92.0	111.0	85.0	89.0	95.0	82.0	98.0	85.0	88.0	84.0	92.0	127.0	180.0	88.0	80.0	122.0	85.0	146.0	109.0	102.0	150.0	99.0	147.0	125.0	105.0	117.0	89.0	89.0	123.0	107.0	140.0	104.0	98.0	97.0	94.0	115.0	128.0	94.0	87.0	103.0	127.0	104.0	119.0	85.0	100.0	103.0	89.0	99.0	94.0	146.0	107.0	118.0	94.0	115.0	102.0	95.0	86.0	83.0	107.0	106.0	94.0	88.0	125.0	101.0	125.0	117.0	109.0	114.0	115.0	105.0	108.0	132.0	0.0	105.0	87.0	102.0	101.0	93.0	86.0	85.0	91.0	125.0	82.0	107.0	79.0	115.0	101.0	213.0	115.0	86.0	121.0	80.0	84.0	166.0	93.0
TAAGAGAAGGTGCAAC-1	85.0	85.0	132.0	75.0	84.0	120.0	85.0	86.0	80.0	99.0	100.0	78.0	92.0	78.0	86.0	90.0	72.0	85.0	91.0	84.0	74.0	78.0	118.0	178.0	89.0	69.0	111.0	76.0	136.0	91.0	90.0	139.0	88.0	136.0	117.0	95.0	102.0	82.0	77.0	109.0	94.0	129.0	91.0	87.0	91.0	77.0	103.0	119.0	83.0	77.0	90.0	118.0	101.0	111.0	88.0	90.0	90.0	80.0	83.0	80.0	136.0	91.0	105.0	84.0	102.0	85.0	87.0	77.0	80.0	96.0	100.0	88.0	80.0	110.0	100.0	112.0	106.0	87.0	105.0	111.0	103.0	101.0	135.0	105.0	0.0	91.0	89.0	100.0	88.0	79.0	76.0	81.0	112.0	76.0	95.0	74.0	116.0	83.0	200.0	107.0	72.0	108.0	81.0	77.0	160.0	88.0
TACACGAAGCAACGGT-1	85.0	63.0	116.0	58.0	70.0	107.0	65.0	84.0	62.0	83.0	92.0	70.0	92.0	65.0	69.0	79.0	68.0	76.0	72.0	76.0	60.0	77.0	105.0	163.0	71.0	67.0	107.0	57.0	132.0	93.0	79.0	137.0	85.0	132.0	97.0	77.0	94.0	71.0	64.0	109.0	80.0	117.0	82.0	82.0	77.0	68.0	99.0	106.0	74.0	72.0	91.0	107.0	90.0	99.0	66.0	75.0	73.0	70.0	72.0	76.0	135.0	84.0	105.0	73.0	94.0	82.0	81.0	57.0	67.0	92.0	90.0	78.0	70.0	97.0	90.0	104.0	98.0	89.0	98.0	101.0	92.0	100.0	127.0	87.0	91.0	0.0	84.0	83.0	70.0	70.0	66.0	74.0	98.0	62.0	86.0	61.0	95.0	73.0	192.0	96.0	63.0	98.0	67.0	69.0	146.0	73.0
TACTTGTAGCAAATCA-1	90.0	76.0	119.0	63.0	78.0	108.0	77.0	85.0	74.0	93.0	95.0	76.0	91.0	78.0	73.0	79.0	70.0	83.0	84.0	75.0	66.0	75.0	112.0	165.0	88.0	69.0	106.0	73.0	124.0	87.0	83.0	137.0	82.0	127.0	103.0	86.0	94.0	75.0	74.0	106.0	91.0	111.0	77.0	87.0	80.0	64.0	90.0	114.0	85.0	73.0	89.0	111.0	93.0	101.0	83.0	77.0	75.0	74.0	77.0	75.0	140.0	88.0	99.0	77.0	97.0	82.0	80.0	65.0	76.0	90.0	93.0	72.0	78.0	109.0	87.0	99.0	95.0	91.0	92.0	105.0	87.0	99.0	130.0	102.0	89.0	84.0	0.0	80.0	82.0	67.0	71.0	78.0	103.0	66.0	85.0	64.0	104.0	73.0	194.0	93.0	71.0	103.0	66.0	74.0	150.0	78.0
TACTTGTGTCAGGTAG-1	93.0	81.0	127.0	76.0	87.0	111.0	81.0	88.0	81.0	103.0	102.0	81.0	97.0	79.0	81.0	87.0	75.0	85.0	78.0	79.0	72.0	80.0	112.0	171.0	97.0	74.0	112.0	79.0	135.0	98.0	88.0	144.0	88.0	136.0	104.0	96.0	104.0	76.0	76.0	113.0	96.0	127.0	88.0	93.0	90.0	80.0	99.0	119.0	87.0	81.0	97.0	112.0	98.0	112.0	88.0	80.0	87.0	79.0	84.0	76.0	140.0	92.0	104.0	83.0	98.0	90.0	90.0	71.0	77.0	103.0	96.0	86.0	78.0	114.0	93.0	107.0	105.0	100.0	103.0	105.0	96.0	105.0	129.0	101.0	100.0	83.0	80.0	0.0	83.0	78.0	74.0	84.0	111.0	77.0	93.0	66.0	112.0	80.0	200.0	107.0	84.0	113.0	72.0	79.0	154.0	83.0
TAGAGCTAGTTAACGA-1	83.0	70.0	111.0	63.0	64.0	107.0	75.0	72.0	62.0	82.0	81.0	62.0	84.0	64.0	61.0	73.0	61.0	69.0	75.0	65.0	59.0	66.0	100.0	161.0	80.0	65.0	98.0	59.0	126.0	90.0	66.0	134.0	80.0	128.0	93.0	65.0	88.0	63.0	68.0	100.0	83.0	118.0	77.0	83.0	70.0	71.0	93.0	106.0	71.0	65.0	77.0	101.0	84.0	91.0	72.0	80.0	69.0	71.0	70.0	72.0	122.0	79.0	91.0	61.0	88.0	84.0	78.0	59.0	61.0	87.0	89.0	72.0	70.0	90.0	85.0	97.0	88.0	83.0	92.0	94.0	86.0	95.0	133.0	93.0	88.0	70.0	82.0	83.0	0.0	60.0	59.0	64.0	93.0	62.0	81.0	54.0	89.0	74.0	188.0	88.0	67.0	98.0	60.0	63.0	142.0	69.0
TATCAGGCAACATAGA-1	76.0	60.0	105.0	50.0	48.0	95.0	60.0	68.0	58.0	72.0	80.0	59.0	73.0	59.0	50.0	65.0	44.0	72.0	66.0	52.0	52.0	63.0	101.0	162.0	68.0	52.0	98.0	60.0	128.0	82.0	64.0	118.0	67.0	118.0	88.0	66.0	81.0	56.0	60.0	93.0	76.0	104.0	68.0	78.0	52.0	61.0	81.0	91.0	68.0	55.0	70.0	95.0	74.0	87.0	60.0	69.0	59.0	66.0	67.0	64.0	118.0	79.0	92.0	52.0	77.0	80.0	71.0	49.0	53.0	71.0	80.0	67.0	69.0	84.0	76.0	89.0	90.0	79.0	89.0	89.0	79.0	90.0	121.0	86.0	79.0	70.0	67.0	78.0	60.0	0.0	49.0	54.0	98.0	51.0	70.0	42.0	91.0	72.0	173.0	79.0	66.0	98.0	54.0	54.0	133.0	52.0
TATTACCTCACACGTA-1	78.0	57.0	105.0	48.0	56.0	99.0	57.0	68.0	56.0	71.0	76.0	56.0	80.0	63.0	55.0	66.0	49.0	66.0	60.0	66.0	54.0	61.0	91.0	156.0	75.0	51.0	99.0	48.0	128.0	79.0	68.0	123.0	68.0	117.0	94.0	70.0	80.0	58.0	57.0	99.0	74.0	109.0	72.0	72.0	58.0	57.0	82.0	94.0	58.0	47.0	71.0	96.0	75.0	91.0	57.0	75.0	59.0	60.0	65.0	64.0	118.0	82.0	94.0	62.0	83.0	77.0	70.0	51.0	53.0	83.0	79.0	68.0	62.0	87.0	77.0	92.0	84.0	75.0	82.0	85.0	78.0	87.0	117.0	85.0	76.0	66.0	71.0	74.0	59.0	49.0	0.0	59.0	99.0	45.0	73.0	48.0	91.0	71.0	176.0	84.0	57.0	97.0	54.0	52.0	128.0	54.0
TCAACGAGTGCACTTA-1	79.0	67.0	114.0	58.0	57.0	104.0	70.0	69.0	64.0	85.0	90.0	64.0	79.0	67.0	57.0	76.0	45.0	75.0	75.0	65.0	62.0	69.0	108.0	170.0	77.0	58.0	106.0	60.0	128.0	87.0	73.0	128.0	82.0	123.0	94.0	69.0	90.0	50.0	65.0	97.0	85.0	111.0	73.0	85.0	63.0	74.0	88.0	99.0	71.0	63.0	74.0	100.0	77.0	93.0	59.0	78.0	72.0	74.0	72.0	75.0	129.0	80.0	96.0	57.0	79.0	87.0	72.0	55.0	59.0	86.0	86.0	72.0	73.0	89.0	89.0	95.0	95.0	86.0	97.0	89.0	75.0	89.0	125.0	91.0	81.0	74.0	78.0	84.0	64.0	54.0	59.0	0.0	100.0	59.0	79.0	48.0	99.0	76.0	177.0	90.0	70.0	103.0	60.0	58.0	143.0	61.0
TCACGAAAGAATGTGT-1	110.0	103.0	141.0	95.0	103.0	135.0	101.0	107.0	97.0	114.0	117.0	100.0	108.0	90.0	104.0	108.0	101.0	96.0	109.0	104.0	93.0	97.0	132.0	195.0	110.0	93.0	118.0	90.0	144.0	111.0	107.0	165.0	106.0	153.0	125.0	104.0	128.0	92.0	94.0	134.0	107.0	144.0	106.0	115.0	110.0	95.0	124.0	138.0	106.0	101.0	117.0	140.0	115.0	119.0	112.0	105.0	107.0	93.0	100.0	92.0	164.0	110.0	123.0	94.0	119.0	104.0	106.0	96.0	101.0	116.0	117.0	107.0	96.0	129.0	111.0	126.0	124.0	119.0	121.0	125.0	115.0	118.0	156.0	125.0	112.0	98.0	103.0	111.0	93.0	98.0	99.0	100.0	0.0	96.0	114.0	96.0	121.0	105.0	220.0	123.0	97.0	124.0	97.0	98.0	179.0	112.0
TCAGATGTCTACAGTG-1	80.0	62.0	102.0	49.0	58.0	93.0	59.0	71.0	56.0	74.0	79.0	56.0	75.0	59.0	58.0	67.0	48.0	60.0	69.0	68.0	51.0	63.0	96.0	149.0	70.0	52.0	97.0	48.0	122.0	77.0	65.0	123.0	69.0	125.0	94.0	71.0	88.0	59.0	51.0	98.0	70.0	110.0	75.0	81.0	58.0	55.0	83.0	94.0	56.0	49.0	77.0	102.0	75.0	88.0	56.0	68.0	61.0	55.0	58.0	64.0	124.0	79.0	90.0	62.0	87.0	77.0	73.0	45.0	54.0	81.0	79.0	65.0	63.0	85.0	75.0	97.0	86.0	77.0	90.0	94.0	78.0	85.0	120.0	82.0	76.0	62.0	66.0	77.0	62.0	51.0	45.0	59.0	96.0	0.0	77.0	46.0	90.0	70.0	181.0	84.0	58.0	91.0	49.0	56.0	131.0	58.0
TCATTACAGCGTAATA-1	91.0	80.0	122.0	73.0	76.0	53.0	78.0	85.0	76.0	94.0	91.0	73.0	92.0	78.0	73.0	86.0	72.0	85.0	84.0	81.0	76.0	84.0	112.0	185.0	93.0	75.0	109.0	81.0	139.0	89.0	83.0	82.0	91.0	130.0	87.0	90.0	95.0	76.0	82.0	107.0	96.0	69.0	61.0	91.0	75.0	75.0	83.0	62.0	91.0	78.0	82.0	91.0	100.0	101.0	84.0	88.0	79.0	83.0	82.0	83.0	138.0	87.0	102.0	81.0	95.0	93.0	90.0	67.0	77.0	95.0	97.0	73.0	82.0	113.0	95.0	43.0	95.0	92.0	102.0	104.0	95.0	101.0	138.0	107.0	95.0	86.0	85.0	93.0	81.0	70.0	73.0	79.0	114.0	77.0	0.0	62.0	109.0	83.0	134.0	103.0	77.0	104.0	73.0	78.0	137.0	45.0
TCTCTAAAGTCGTGTT-1	75.0	55.0	107.0	42.0	49.0	93.0	56.0	62.0	49.0	72.0	79.0	52.0	73.0	54.0	47.0	63.0	37.0	66.0	59.0	53.0	47.0	58.0	93.0	160.0	62.0	46.0	95.0	56.0	120.0	76.0	65.0	115.0	69.0	117.0	84.0	65.0	78.0	50.0	57.0	82.0	73.0	103.0	61.0	75.0	49.0	58.0	75.0	91.0	61.0	50.0	61.0	87.0	75.0	88.0	52.0	66.0	59.0	60.0	62.0	62.0	111.0	64.0	83.0	53.0	74.0	76.0	65.0	40.0	49.0	69.0	76.0	57.0	61.0	81.0	76.0	84.0	80.0	75.0	86.0	86.0	70.0	86.0	121.0	79.0	74.0	61.0	64.0	66.0	54.0	42.0	48.0	48.0	96.0	46.0	62.0	0.0	90.0	62.0	169.0	73.0	58.0	86.0	43.0	50.0	127.0	47.0
TCTCTAAGTGGATAGC-1	108.0	95.0	125.0	92.0	92.0	130.0	89.0	99.0	93.0	104.0	112.0	97.0	106.0	90.0	95.0	98.0	93.0	91.0	96.0	96.0	87.0	103.0	127.0	185.0	111.0	91.0	122.0	87.0	142.0	108.0	98.0	156.0	102.0	152.0	116.0	104.0	112.0	91.0	97.0	124.0	111.0	141.0	106.0	99.0	100.0	101.0	113.0	130.0	103.0	96.0	112.0	132.0	111.0	113.0	103.0	106.0	94.0	92.0	98.0	92.0	153.0	105.0	116.0	91.0	121.0	111.0	99.0	88.0	96.0	117.0	106.0	101.0	98.0	124.0	107.0	127.0	113.0	112.0	111.0	115.0	111.0	120.0	152.0	115.0	116.0	95.0	104.0	112.0	89.0	91.0	91.0	99.0	121.0	90.0	109.0	90.0	0.0	105.0	213.0	109.0	94.0	131.0	94.0	102.0	167.0	100.0
TCTGGAACAGGTACGA-1	79.0	76.0	114.0	68.0	70.0	108.0	71.0	77.0	65.0	85.0	88.0	66.0	84.0	66.0	70.0	77.0	70.0	80.0	79.0	69.0	64.0	74.0	106.0	171.0	81.0	69.0	106.0	69.0	127.0	82.0	80.0	129.0	86.0	126.0	93.0	81.0	87.0	72.0	68.0	104.0	85.0	112.0	73.0	83.0	77.0	63.0	91.0	109.0	79.0	75.0	82.0	107.0	86.0	88.0	79.0	67.0	71.0	76.0	71.0	75.0	130.0	81.0	95.0	71.0	95.0	76.0	78.0	57.0	68.0	89.0	89.0	74.0	72.0	100.0	85.0	92.0	90.0	81.0	91.0	99.0	84.0	95.0	135.0	101.0	83.0	73.0	73.0	80.0	74.0	72.0	71.0	76.0	105.0	70.0	83.0	62.0	105.0	0.0	190.0	93.0	67.0	100.0	65.0	66.0	146.0	77.0
TGGGCGTCATATCGTG-1	198.0	180.0	227.0	179.0	180.0	164.0	183.0	191.0	180.0	198.0	202.0	184.0	197.0	181.0	179.0	190.0	172.0	192.0	186.0	186.0	182.0	189.0	215.0	282.0	198.0	179.0	216.0	183.0	240.0	197.0	192.0	193.0	198.0	226.0	196.0	199.0	198.0	178.0	187.0	211.0	204.0	176.0	167.0	196.0	178.0	183.0	184.0	177.0	193.0	182.0	185.0	191.0	207.0	207.0	187.0	194.0	182.0	190.0	191.0	186.0	240.0	196.0	209.0	185.0	196.0	199.0	194.0	172.0	181.0	199.0	202.0	177.0	187.0	217.0	204.0	155.0	201.0	196.0	207.0	210.0	202.0	206.0	232.0	213.0	200.0	192.0	194.0	200.0	188.0	173.0	176.0	177.0	220.0	181.0	134.0	169.0	213.0	190.0	0.0	209.0	183.0	208.0	176.0	182.0	231.0	133.0
TGGTTAGGTCATCTAG-1	100.0	93.0	133.0	80.0	83.0	128.0	86.0	92.0	87.0	104.0	104.0	86.0	102.0	92.0	86.0	94.0	82.0	95.0	96.0	91.0	79.0	91.0	123.0	182.0	100.0	81.0	120.0	87.0	144.0	107.0	91.0	146.0	99.0	146.0	114.0	93.0	108.0	87.0	92.0	119.0	102.0	137.0	98.0	100.0	87.0	91.0	104.0	126.0	97.0	87.0	98.0	123.0	99.0	114.0	89.0	100.0	83.0	87.0	92.0	95.0	148.0	96.0	113.0	85.0	112.0	106.0	94.0	79.0	83.0	93.0	107.0	89.0	94.0	113.0	106.0	117.0	106.0	105.0	109.0	112.0	101.0	112.0	148.0	115.0	107.0	96.0	93.0	107.0	88.0	79.0	84.0	90.0	123.0	84.0	103.0	73.0	109.0	93.0	209.0	0.0	85.0	123.0	87.0	84.0	161.0	91.0
TGGTTAGGTGCTTCCT-1	73.0	65.0	104.0	57.0	68.0	98.0	61.0	68.0	61.0	85.0	80.0	54.0	81.0	64.0	68.0	72.0	62.0	62.0	70.0	67.0	54.0	66.0	97.0	158.0	73.0	54.0	91.0	54.0	121.0	83.0	73.0	128.0	72.0	118.0	95.0	75.0	88.0	66.0	66.0	94.0	74.0	111.0	73.0	66.0	73.0	61.0	84.0	104.0	70.0	60.0	74.0	100.0	84.0	88.0	69.0	74.0	70.0	59.0	64.0	62.0	128.0	73.0	89.0	67.0	96.0	71.0	74.0	58.0	61.0	81.0	80.0	65.0	56.0	94.0	75.0	94.0	86.0	71.0	79.0	90.0	85.0	87.0	123.0	86.0	72.0	63.0	71.0	84.0	67.0	66.0	57.0	70.0	97.0	58.0	77.0	58.0	94.0	67.0	183.0	85.0	0.0	89.0	67.0	64.0	133.0	73.0
TTCTACAGTCTGCCAG-1	109.0	97.0	134.0	92.0	96.0	122.0	101.0	108.0	95.0	113.0	113.0	95.0	112.0	94.0	98.0	104.0	94.0	98.0	104.0	100.0	91.0	95.0	127.0	187.0	104.0	93.0	120.0	94.0	142.0	112.0	102.0	157.0	110.0	148.0	121.0	108.0	118.0	93.0	93.0	125.0	109.0	130.0	90.0	104.0	100.0	90.0	111.0	129.0	102.0	97.0	114.0	124.0	122.0	124.0	102.0	109.0	103.0	96.0	99.0	101.0	156.0	103.0	119.0	100.0	122.0	102.0	112.0	90.0	97.0	111.0	115.0	101.0	96.0	132.0	109.0	115.0	114.0	113.0	117.0	124.0	113.0	115.0	148.0	121.0	108.0	98.0	103.0	113.0	98.0	98.0	97.0	103.0	124.0	91.0	104.0	86.0	131.0	100.0	208.0	123.0	89.0	0.0	92.0	97.0	161.0	103.0
TTGACTTTCCCGAATA-1	85.0	59.0	110.0	54.0	65.0	101.0	65.0	73.0	51.0	77.0	83.0	58.0	80.0	58.0	61.0	60.0	48.0	70.0	70.0	61.0	56.0	51.0	97.0	155.0	76.0	59.0	98.0	59.0	124.0	77.0	68.0	125.0	73.0	117.0	95.0	74.0	81.0	58.0	54.0	98.0	77.0	110.0	71.0	76.0	64.0	57.0	86.0	95.0	62.0	53.0	76.0	96.0	80.0	90.0	67.0	66.0	68.0	62.0	67.0	61.0	117.0	76.0	87.0	64.0	82.0	75.0	73.0	46.0	56.0	80.0	86.0	65.0	63.0	97.0	74.0	94.0	89.0	82.0	89.0	89.0	77.0	78.0	121.0	80.0	81.0	67.0	66.0	72.0	60.0	54.0	54.0	60.0	97.0	49.0	73.0	43.0	94.0	65.0	176.0	87.0	67.0	92.0	0.0	59.0	135.0	57.0
TTGCCGTGTGTAATGA-1	77.0	67.0	115.0	54.0	59.0	101.0	67.0	65.0	63.0	82.0	85.0	59.0	80.0	60.0	60.0	65.0	53.0	72.0	69.0	63.0	57.0	63.0	99.0	162.0	69.0	57.0	101.0	57.0	124.0	83.0	74.0	123.0	78.0	124.0	98.0	70.0	91.0	63.0	61.0	93.0	83.0	110.0	75.0	80.0	63.0	62.0	89.0	98.0	68.0	57.0	72.0	97.0	75.0	92.0	60.0	72.0	67.0	67.0	69.0	72.0	126.0	79.0	94.0	64.0	82.0	76.0	72.0	52.0	57.0	82.0	84.0	69.0	67.0	90.0	84.0	95.0	89.0	80.0	92.0	91.0	79.0	85.0	122.0	84.0	77.0	69.0	74.0	79.0	63.0	54.0	52.0	58.0	98.0	56.0	78.0	50.0	102.0	66.0	182.0	84.0	64.0	97.0	59.0	0.0	135.0	60.0
TTGGCAATCTTTCGCG-1	151.0	135.0	180.0	139.0	138.0	159.0	137.0	147.0	139.0	156.0	162.0	140.0	159.0	141.0	135.0	149.0	130.0	146.0	144.0	141.0	132.0	145.0	172.0	236.0	148.0	135.0	171.0	137.0	195.0	161.0	147.0	193.0	154.0	182.0	152.0	154.0	154.0	142.0	147.0	173.0	155.0	181.0	122.0	145.0	137.0	143.0	141.0	173.0	149.0	139.0	147.0	156.0	159.0	166.0	141.0	155.0	139.0	140.0	150.0	144.0	188.0	154.0	168.0	143.0	158.0	154.0	148.0	126.0	131.0	160.0	157.0	136.0	139.0	163.0	154.0	155.0	161.0	150.0	166.0	171.0	161.0	169.0	183.0	166.0	160.0	146.0	150.0	154.0	142.0	133.0	128.0	143.0	179.0	131.0	137.0	127.0	167.0	146.0	231.0	161.0	133.0	161.0	135.0	135.0	0.0	117.0
diploid	87.0	60.0	115.0	58.0	61.0	66.0	66.0	79.0	62.0	83.0	89.0	66.0	87.0	68.0	58.0	75.0	52.0	83.0	68.0	68.0	65.0	74.0	104.0	171.0	79.0	60.0	109.0	65.0	130.0	86.0	77.0	95.0	86.0	115.0	88.0	82.0	91.0	65.0	69.0	105.0	87.0	86.0	57.0	86.0	56.0	68.0	72.0	74.0	75.0	63.0	72.0	76.0	86.0	101.0	64.0	81.0	69.0	78.0	78.0	76.0	124.0	87.0	100.0	66.0	80.0	89.0	79.0	50.0	60.0	88.0	93.0	64.0	76.0	94.0	91.0	65.0	93.0	86.0	98.0	99.0	85.0	100.0	122.0	93.0	88.0	73.0	78.0	83.0	69.0	52.0	54.0	61.0	112.0	58.0	45.0	47.0	100.0	77.0	133.0	91.0	73.0	103.0	57.0	60.0	117.0	0.0
